,Community,Result,Year,Above 15 ppb,Above 10 ppb,Above 5 ppb,Household_income,Black_income,American_Indian_Income,Asian_income,Hawaiian_income,White_income,Hispanic_income,Total_households,Self_employed,Not_self_employed,Area in Square Miles,Summarized area in Square Miles.1,Income_to_poverty_base,Income_below_poverty_level,Ratio_households_above_poverty_level,Summarized area in Square Miles.2,Percent_white,Percent_black,Percent_native_american,Percent_asian,Percent_hawaiian,Percent_hispanic,Population 9-47 mo1,Total Screened,Percent Screened,Percentage_0-4,Percentage_5-9,Percentage_10-24,Percentage_>25,Percent_Pre-1978_Housing_Units,Percentage_>5
0,ABINGTON,0.00410774647887324,2016.0,0.04929577464788732,0.07042253521126761,0.19014084507042253,91504.21983597,0.0002899,0.0,30277.40649954,0.0,91320.3439469,33878.97509285,2218.20281083,169.63926407,2048.56354676,10.19026382,10.19011295,5418.11000842,121.36858303,15.46441179,10.19011294,89.89910815,1.67653082,0.0,3.52178865,0.0,1.94742026,689.0,519.0,75.0,99.0,0.0,0.0,0.0,66.0,0.0
1,ACTON,0.014124096385542165,2016.0,0.07917383820998279,0.13941480206540446,0.24096385542168675,136428.87934168,73595.17464821,0.0,148844.3766561,0.0,130092.47963639,27267.05194599,1946.94673945,304.3859865,1642.56075295,20.29621927,20.29735703,4761.71098502,62.22288567,32.6718269,20.29735702,67.57303616,1.58813757,0.11840401,24.8591244,0.11840401,2.99821179,738.0,509.0,69.0,98.4,1.4,0.0,0.0,58.0,1.4
2,ACUSHNET,0.004605625000000001,2016.0,0.010416666666666666,0.026041666666666668,0.03125,81612.5822536,0.0,0.0,2.658e-05,0.0,80977.83476756,4542.50437257,2501.62530947,292.06886335,2209.55644612,18.87781919,18.87551994,6547.70778904,133.22195219,16.72006058,18.86258732,89.63258171,0.01845497,0.0,1.80714391,0.0,2.2423684,276.0,246.0,89.0,97.6,0.0,0.0,0.0,71.0,0.0
3,ADAMS,0.0007646206896551724,2016.0,0.006896551724137931,0.006896551724137931,0.034482758620689655,55334.55578527,0.0,0.0,1.75e-06,0.0,55345.21164672,2766.10113714,1317.32007766,166.00434012,1151.31573754,22.96049688,22.95933508,3045.04715554,139.70970559,8.14497953,22.95933516,96.90715625,0.264077,0.04055945,0.88847474,0.0,0.75135854,229.0,205.0,90.0,95.1,3.4,0.0,0.0,91.0,0.0
4,AGAWAM,0.0017332266666666674,2018.0,0.016,0.034666666666666665,0.07466666666666667,74364.49347958,4235.62284438,0.0,5510.19066779,0.0,74802.66602747,7.96e-06,2296.70795692,159.52732235,2137.18063457,24.33448297,24.33469774,5285.86835791,160.61544898,19.64887405,23.49144886,90.82618514,1.83932269,0.04273131,1.66093272,0.0,4.21132203,845.0,602.0,71.0,99.3,0.0,0.0,0.0,67.0,0.0
5,AMHERST,0.01465894039735099,2016.2450331125829,0.23730684326710816,0.31125827814569534,0.45695364238410596,52425.43166706,16228.09018998,0.0,44381.87492997,0.0,64382.9384257,17057.80699276,2119.85390141,338.41415378,1781.43974763,27.75577246,27.75550538,4971.82994545,504.65241722,3.85292912,27.72023044,66.05591963,8.73143544,0.09802857,11.35660473,0.10585285,7.84663346,484.0,297.0,61.0,97.6,2.0,0.0,0.0,62.0,2.0
6,ARLINGTON,0.0049282277777777765,2016.5694444444443,0.06597222222222222,0.09027777777777778,0.14930555555555555,114191.62198158,7418.37153251,0.0,143967.22263903,0.0,114999.25168741,80611.97892488,2571.91391968,354.42636381,2217.73382923,5.48448053,5.48442449,5919.79057583,131.23469038,26.31549163,5.39362419,77.46139548,2.64526841,0.02272184,11.0419993,0.0,4.83050691,1796.0,1435.0,80.0,99.4,0.4,0.1,0.0,88.0,0.4
7,ASHFIELD,0.0010619718309859154,2016.0,0.014084507042253521,0.028169014084507043,0.07042253521126761,41082.4846151,0.0,0.0,3.5e-07,0.0,42209.97424799,3.6e-07,748.98214959,223.99466156,523.98751186,40.24485659,40.24568947,1765.26572386,50.97878967,7.041184,40.24568944,49.44044618,0.05155417,0.05155417,0.1546625,0.0,1.23730001,36.0,21.0,58.0,90.5,0.0,0.0,0.0,64.0,0.0
8,ASHLAND,0.005793577981651366,2016.0,0.05045871559633028,0.08027522935779817,0.12844036697247707,115893.12321541,5.297e-05,0.0,159259.01844864,0.0,112783.04209674,85465.61049653,2395.59722702,341.14055836,2054.45666866,12.87457924,12.87452542,6052.46921922,115.94626876,19.0059759,12.87452547,78.71327501,2.58632353,0.08134525,9.41538436,0.0,6.9988798,860.0,581.0,68.0,99.1,0.0,0.0,0.0,41.0,0.0
9,ATHOL,0.0,2020.0,0.0,0.0,0.0,54283.60334096,8e-08,0.0,0.0,0.0,55412.60882719,6e-08,1526.16334602,169.04110391,1357.12224211,33.3634988,33.36379831,3640.39830225,145.27603563,10.68061064,33.15444784,91.22555728,0.32218054,0.11156542,0.92596825,0.0,5.0843085,424.0,235.0,55.0,97.4,0.0,0.0,0.0,76.0,0.0
10,ATTLEBORO,0.1262960039370077,2016.0088582677165,0.08858267716535433,0.11614173228346457,0.18996062992125984,87934.82241722,5466.36152654,0.0,51765.07856272,0.0,87306.8122437,24908.86705827,2612.34554243,283.3815773,2328.96396513,27.77191709,27.77032339,6514.85489792,163.334132,17.21596689,27.7703209,86.16666114,1.82223607,0.00556181,4.24936731,0.0,5.95859317,1835.0,1291.0,70.0,97.8,2.0,0.2,0.0,63.0,1.6
11,AUBURN,0.04094317757009347,2017.2616822429907,0.018691588785046728,0.02336448598130841,0.08411214953271028,80924.73510748,7955.65210019,0.0,20453.11419566,0.0,80338.31797763,51475.44774338,1404.46080819,149.94741664,1254.51339155,16.41551172,16.41573785,3371.65033819,68.32290196,21.03604645,16.41573786,91.60175411,0.75604668,0.03806987,2.54284472,0.0,4.4761291,508.0,394.0,78.0,99.5,0.0,0.0,0.0,69.0,0.0
13,AVON,0.0010657894736842105,2016.0,0.0,0.02631578947368421,0.02631578947368421,69846.87910109,85524.13752618,0.0,0.00809322,0.0,66177.98875721,3.78e-05,1581.71928178,76.98633672,1504.73294506,4.53862681,4.53882224,4344.06222346,30.97904181,51.78252983,4.53882221,72.07820292,13.1960096,0.29990929,7.39776275,0.0,5.19842783,134.0,153.0,99.0,98.0,0.0,0.0,0.0,85.0,0.0
14,AYER,0.026240652173913047,2016.1565217391305,0.5130434782608696,0.6347826086956522,0.7347826086956522,84896.05274511,79286.4368343,0.0,153975.00819608,0.0,82146.73111433,101570.93834788,3492.88432723,458.98479994,3033.89952729,9.50355614,9.50190602,6885.53048726,260.33911336,9.47279348,9.50190602,84.67910626,3.29918596,0.0,4.49888994,0.0,5.69859393,325.0,224.0,69.0,97.3,2.7,0.0,0.0,57.0,0.0
15,BEDFORD,0.00031578512396694214,2016.0,0.0,0.0,0.008264462809917356,130600.53373961,69032.409246,0.0,129105.33729186,0.0,134408.95655274,145045.49864296,2630.81171138,527.77366547,2103.03804591,13.83887886,13.83888282,6529.59706919,130.65291047,17.86622274,13.73606345,76.34445861,3.52813152,0.16879892,14.65174431,0.0,3.45475091,544.0,318.0,58.0,99.4,0.0,0.0,0.0,60.0,0.0
16,BELCHERTOWN,0.01761107033639144,2016.0,0.13761467889908258,0.24464831804281345,0.42201834862385323,104681.29568765,0.00010874,0.0,18395.32995312,0.0,105718.45291555,0.00010378,2595.96472842,405.5689838,2190.39574462,55.27971881,55.28006729,6901.88060414,155.21331819,30.40484603,55.28006703,93.80981817,0.48100763,0.0,3.24417111,0.0,1.39968918,501.0,315.0,63.0,99.4,0.0,0.0,0.0,38.0,0.0
17,BELLINGHAM,0.0013000000000000002,2018.0,0.0,0.0,0.0,99754.68795551,77856.97661002,0.0,81915.46126451,0.0,99171.77463215,3.613e-05,3201.21033106,264.67877422,2937.05590546,18.88903019,18.88917856,8102.81522359,82.53983161,46.56053085,18.88580367,92.0730912,1.61907285,0.0,1.17163805,0.0,2.7187664,750.0,308.0,41.0,99.4,0.0,0.0,0.0,65.0,0.0
18,BELMONT,0.010012271008403352,2016.063025210084,0.10504201680672269,0.1323529411764706,0.23529411764705882,124586.68519554,17775.60630305,0.0,131702.80074216,0.0,125296.02703,40140.31474862,1357.06667502,239.14714088,1117.91916479,4.71792826,4.7179283,3400.28555264,87.58382513,19.49914613,4.68674679,74.16987457,1.57749474,0.20963693,15.40888424,0.0079408,5.49607433,1101.0,624.0,57.0,100.0,0.0,0.0,0.0,90.0,0.0
19,BERNARDSTON,0.004213513513513513,2016.0,0.05405405405405406,0.05405405405405406,0.05405405405405406,28688.00489808,0.0,0.0,30000.64338853,0.0,28609.5180886,3.67e-06,739.84523782,106.97762223,631.86782473,23.4172538,23.41628965,1826.15326692,34.98377906,8.77722796,23.41393331,40.72831216,0.63637986,0.0,0.46667859,0.0,0.12727601,45.0,39.0,87.0,97.4,0.0,0.0,0.0,62.0,0.0
20,BEVERLY,0.001310102489019033,2016.0,0.013177159590043924,0.016105417276720352,0.03806734992679356,92118.97127054,3340.15504251,0.0,0.0,0.0,97228.90878609,1915.75037223,2605.11060399,363.25336638,2241.85723761,15.41180491,15.36175759,6334.48577404,191.30971303,12.52429489,15.38013562,91.37730545,1.35167694,0.09717121,1.81355377,0.0,3.16347368,1471.0,1125.0,76.0,98.6,1.2,0.0,0.0,77.0,0.7
21,BILLERICA,0.003950310559006213,2016.0807453416148,0.043478260869565216,0.09937888198757763,0.21739130434782608,102452.32151387,6936.72758824,0.0,93968.83970674,0.0,102216.65756542,42715.28480079,2208.47197055,238.99971591,1969.47225464,26.31711732,26.31454488,5854.11109454,102.04174341,199.3598703,25.94874888,84.28425467,3.41482403,0.0,6.27597863,0.06479324,4.34568229,1517.0,1036.0,68.0,99.2,0.7,0.0,0.0,64.0,0.0
22,BLACKSTONE,0.015519281045751636,2016.0,0.10457516339869281,0.12745098039215685,0.16339869281045752,87088.37904966,4.201e-05,0.0,0.0,0.0,89602.10379019,61280.44250015,1724.37110387,117.96849898,1606.40260489,11.43085047,11.43031156,4479.67046527,71.53604352,28.96489638,11.3498086,92.86906075,1.84343441,0.43119876,0.29162634,0.0,2.71616791,305.0,139.0,46.0,100.0,0.0,0.0,0.0,57.0,0.0
23,BOLTON,0.0031254838709677407,2018.0,0.018433179723502304,0.06912442396313365,0.22119815668202766,155061.27451792,0.0,0.0,213610.29687573,0.0,153941.50361665,0.0,1677.82399229,284.97009296,1392.85389933,20.07992471,20.07814453,4888.89628221,68.98442284,22.67578018,20.07814449,92.18114057,0.29993863,0.0,4.29912039,0.0,1.89961157,159.0,163.0,99.0,100.0,0.0,0.0,0.0,38.0,0.0
24,BOSTON,0.0007069696969696969,2017.0,0.0,0.0,0.030303030303030304,66427.18079635,32854.54731531,0.0,38769.93734542,0.0,72887.24549738,40263.70630132,1462.00819798,139.30424388,1322.70672228,50.01127217,49.11053457,3208.62207104,237.52117403,20.21639782,48.54329131,44.87949738,20.34676442,0.18020207,7.51861074,0.02101017,17.24119137,21508.0,16446.0,76.0,98.4,1.3,0.3,0.0,79.0,1.4
25,BOURNE,0.012904062499999994,2016.1875,0.075,0.1125,0.21875,53533.12556118,39428.16192043,0.0,9437.15601484,0.0,54044.50299849,11583.1882032,1246.79329622,205.21357088,1041.16313559,41.08322571,41.02250652,2764.03947333,116.78631681,10.83955535,40.75696711,69.27966385,2.69160683,0.11814168,0.81090218,0.0,5.10328231,502.0,369.0,74.0,98.9,0.0,0.0,0.0,60.0,0.0
27,BOXFORD,0.002999676375404529,2018.0,0.05177993527508091,0.07766990291262135,0.13592233009708737,174303.58025106,2.478e-05,0.0,160591.44512946,0.0,177545.90276977,0.00048051,2752.77729062,509.95874254,2242.81854808,24.40791237,24.40884933,7967.21844405,79.87171365,33.09118459,24.39850608,92.78061405,0.0,0.0,2.39949864,0.0,1.09977022,195.0,207.0,99.0,100.0,0.0,0.0,0.0,50.0,0.0
29,BRAINTREE,0.018455852895148665,2018.071987480438,0.10015649452269171,0.15179968701095461,0.27230046948356806,96058.78007836,36206.34030472,0.0,112919.04807222,0.0,93650.97404264,2175.02108814,1953.57708739,199.32977239,1754.247315,14.42956492,14.42262691,4979.82457479,99.58660435,25.37578801,14.40839613,81.04383952,2.64406019,0.13842778,11.85613546,0.0,2.07290061,1509.0,1077.0,71.0,99.0,0.7,0.0,0.0,74.0,0.7
30,BRIDGEWATER,0.00340858108108108,2018.0,0.04054054054054054,0.06756756756756757,0.11486486486486487,86736.56062817,27921.29543887,0.0,19854.11318677,0.0,89286.3353217,0.0,1758.21547055,229.41031713,1529.01672671,28.36139507,28.36098086,4939.13795989,103.64739235,29.54565796,28.17912457,82.69077596,8.20188932,0.24529488,2.47444811,0.00590281,4.33358873,782.0,669.0,86.0,99.7,0.0,0.0,0.0,51.0,0.0
32,BRIMFIELD,0.002410869565217391,2018.0,0.010869565217391304,0.043478260869565216,0.13043478260869565,84462.68127288,0.0,0.0,0.0,0.0,86301.50017027,7.19e-06,1430.91202602,224.98616761,1205.92585841,35.31972158,35.32019333,3585.83838292,42.93810721,32.00392855,35.3201933,92.69087091,3.59964547,0.0,0.49995076,0.0,2.59974395,91.0,56.0,62.0,100.0,0.0,0.0,0.0,53.0,0.0
33,BROCKTON,0.07502008113590261,2016.0693711967547,0.12373225152129817,0.15253549695740365,0.23569979716024342,65379.46388983,70551.39843518,0.0,26838.31543515,0.0,66851.19441794,15309.3881969,1613.51201381,114.0379024,1499.4741114,21.51662339,21.51672529,4643.42736599,260.92587871,7.37047712,21.5167252,42.70437917,35.9453351,0.19621773,1.7086445,0.0,9.72024226,4737.0,3720.0,79.0,96.7,2.8,0.5,0.0,82.0,2.8
34,BROOKLINE,0.002459023595505618,2016.741573033708,0.033707865168539325,0.06741573033707865,0.1797752808988764,142143.77834086,29426.70080685,0.0,126601.49816545,0.0,143543.74780227,144347.37977055,2033.67878215,368.41011974,1665.2686624,6.82523358,6.82523874,5219.01435948,204.03238811,14.45459902,6.82523874,68.52818312,3.69997141,0.02424184,14.65270625,0.0137611,7.92273955,2310.0,1407.0,61.0,99.3,0.5,0.2,0.0,85.0,0.6
36,CAMBRIDGE,0.0007079661016949154,2016.0,0.0,0.01694915254237288,0.03389830508474576,101713.03382331,21533.85972817,0.0,92660.29591173,0.0,119768.83397241,36562.83514518,1631.30546917,240.64739902,1390.65803203,7.10487079,7.10487644,3108.18042653,199.07483631,8.4831808,6.66025289,61.87861232,10.93147326,0.0825156,14.8686023,0.04425723,8.48449805,3008.0,2365.0,79.0,98.9,0.9,0.2,0.0,75.0,0.8
37,CANTON,0.0027854440154440156,2016.3938223938223,0.03088803088803089,0.04633204633204633,0.09652509652509653,113290.83790386,54800.10849294,0.0,132307.75024694,0.0,116349.01766493,36710.93590731,2051.12131094,216.52040061,1834.60091032,19.5412928,19.54115378,4815.30775354,122.17974426,23.08027337,19.5009031,81.20201739,5.73355546,1e-08,8.29328287,0.0,3.19227559,826.0,663.0,80.0,99.8,0.0,0.0,0.0,61.0,0.0
39,CHARLEMONT,0.002726881720430108,2016.0,0.03225806451612903,0.07526881720430108,0.1827956989247312,9445.65515407,0.0,0.0,1.132e-05,0.0,9551.13289222,5294.64960214,303.96995609,59.99407028,243.97588581,26.64527989,26.64666926,734.90746884,32.99584554,1.44335936,26.64666926,15.79674325,0.099664,0.0,0.149496,0.0,0.24915998,26.0,20.0,77.0,95.0,0.0,0.0,0.0,66.0,0.0
41,CHARLTON,0.00023818181818181818,2016.0,0.0,0.0,0.01818181818181818,96602.74596659,8.3e-07,0.0,5.432e-05,0.0,95259.36908468,63997.12376523,2678.92757132,209.00058625,2469.92698507,43.79185046,43.79189789,7133.74076062,115.70525667,19.85940112,43.79189791,92.80182714,0.73157919,0.03166701,0.62660532,0.0,4.28100424,418.0,300.0,72.0,100.0,0.0,0.0,0.0,36.0,0.0
42,CHELMSFORD,0.005651555555555555,2016.0,0.08444444444444445,0.17555555555555555,0.31555555555555553,116635.09273947,37002.71226281,0.0,102354.49432771,0.0,111132.69716686,23961.69486373,1845.57780518,192.7346707,1652.84313448,23.08466323,23.08525204,4487.60075635,91.96573666,136.3228308,22.88419004,84.94649854,0.90657892,0.23590159,9.18140656,0.02723009,3.64695212,1190.0,973.0,82.0,98.6,1.4,0.0,0.0,66.0,0.9
43,CHELSEA,0.002961948450704227,2016.1154929577465,0.061971830985915494,0.07605633802816901,0.11830985915492957,54496.24908735,34324.15759054,0.0,3972.92663817,0.0,57483.75669281,44121.75668261,1639.9285738,130.66236538,1509.49046018,2.21686918,2.20644476,4176.81662873,321.47049007,4.05756227,2.19964964,24.55866481,6.94122407,0.0,2.83700885,0.0,61.83481549,2033.0,1795.0,88.0,98.1,1.6,0.3,0.0,77.0,1.6
44,CHESHIRE,0.007833999999999997,2016.36,0.06,0.075,0.15,64960.7986093,0.0,0.0,0.0,0.0,63503.20702062,116027.48992895,1434.90866434,103.99338055,1330.91528379,27.51745974,27.51584679,3208.24445434,124.93161946,10.30131384,27.51584672,95.67319326,0.29991597,0.19994398,0.0,0.0,3.09913165,72.0,79.0,99.0,100.0,0.0,0.0,0.0,64.0,0.0
45,CHESTERFIELD,0.001131176470588235,2016.0,0.0196078431372549,0.0196078431372549,0.0196078431372549,73999.94904094,0.0,0.0,0.0,0.0,73999.94904193,0.0,518.96212917,85.99372468,432.96840449,31.24600964,31.2468654,1110.58754866,31.98811434,14.07997887,31.24686541,97.38677254,0.0,0.0,0.0,0.39994568,2.19970123,22.0,16.0,73.0,100.0,0.0,0.0,0.0,64.0,0.0
47,CHICOPEE,0.0017555670103092773,2016.1752577319587,0.014175257731958763,0.015463917525773196,0.024484536082474227,55019.05444539,16781.14589399,7.78e-05,11723.7918273,0.0,60038.3690936,19575.55328555,1972.45672617,112.90115428,1859.55552361,23.87293465,23.87410729,4745.0647152,206.98354975,11.19354315,22.92524151,76.52823931,4.33097416,0.150908,2.4656253,0.0,14.87838636,2070.0,1311.0,63.0,98.4,1.3,0.3,0.0,82.0,1.2
48,CLARKSBURG,0.0034036111111111116,2016.0,0.0,0.05555555555555555,0.2222222222222222,64283.4631086,0.0,0.0,0.0,0.0,63792.81792253,1.13e-05,696.83423177,105.97473437,590.8594974,12.79145011,12.79069336,1799.39766984,34.94944877,18.9714113,12.79069336,95.7307014,1.49891502,9e-08,3.8e-07,0.0,1.99855406,44.0,10.0,23.0,100.0,0.0,0.0,0.0,81.0,0.0
49,CLINTON,0.0006815189873417719,2018.0,0.012658227848101266,0.015822784810126583,0.04113924050632911,74203.99375231,0.0,0.0,146129.38634089,0.0,74558.99496548,9875.5257194,2618.86140351,176.91401535,2441.94738817,7.26124508,7.26108806,6552.79336618,197.87002696,12.26684665,7.26108806,82.12810092,0.36721616,0.0,1.34182481,0.0,14.21809257,559.0,394.0,70.0,98.2,1.5,0.0,0.0,71.0,0.0
50,COHASSET,0.0,2016.0,0.0,0.0,0.0,130905.25830436,0.0,0.0,1.715e-05,0.0,129602.18639217,0.0,3088.78941929,456.96884578,2631.82057351,10.0579689,10.04148966,7372.97870867,130.9640918,18.98812476,10.02604251,95.9480767,0.59410574,0.09901762,0.79214098,0.0,0.89115861,244.0,276.0,99.0,99.6,0.0,0.0,0.0,67.0,0.0
51,COLRAIN,0.0015655172413793102,2016.0,0.017241379310344827,0.017241379310344827,0.05172413793103448,15374.97291664,0.0,0.0,8.32e-06,0.0,15546.66210069,8618.25465964,493.72938861,96.94686375,396.78252485,43.36469314,43.36582225,1197.21721481,52.96536927,2.34974045,43.35274229,25.71282598,0.16222614,0.0,0.24333908,0.0,0.40556513,34.0,26.0,76.0,100.0,0.0,0.0,0.0,62.0,0.0
52,CONWAY,0.0018126785714285712,2016.2857142857142,0.017857142857142856,0.03571428571428571,0.05357142857142857,38602.48665066,5e-08,0.0,9e-08,0.0,39661.91389567,0.0,702.98985917,210.99695631,492.99288843,37.87832935,37.87777162,1660.08958569,47.9736791,6.62262344,37.82997532,46.45590892,0.04844203,0.04844203,0.1453261,0.0,1.16260877,46.0,21.0,46.0,95.2,0.0,0.0,0.0,56.0,0.0
53,DALTON,0.0,2016.0,0.0,0.0,0.0,59096.97550243,0.0,0.0,0.0,0.0,58286.31876575,0.00209176,3042.30098983,345.92052004,2696.38046979,21.87000223,21.87010346,6636.87660203,264.87534538,8.86621919,21.87010346,92.56080519,0.19991535,0.59974603,1.89919575,0.0,3.99830689,170.0,129.0,76.0,98.4,0.0,0.0,0.0,85.0,0.0
54,DEDHAM,0.029598736196319003,2016.006134969325,0.09815950920245399,0.147239263803681,0.22699386503067484,107598.07715188,20467.7579321,0.0,38025.37239705,0.0,104115.41540118,147730.71608394,1742.40643791,237.09114278,1505.31529513,10.68416785,10.6843329,4102.96248771,80.51416092,30.93562338,10.45060811,79.30231031,6.69577474,0.18575962,2.44377273,0.03184427,8.2835057,976.0,713.0,73.0,99.0,0.8,0.0,0.0,74.0,0.0
56,DIGHTON,0.0004615384615384616,2016.0,0.0,0.0,0.0,93821.37086089,1.094e-05,0.0,0.0,0.0,91800.99948152,3.277e-05,2706.81059643,372.97390191,2333.83669452,22.1699269,22.16973653,6867.78806735,165.92238846,12.86671283,22.1211511,91.62614042,2.79774475,0.0,0.0,0.59951673,0.8992751,258.0,191.0,74.0,97.9,0.0,0.0,0.0,50.0,0.0
58,DOUGLAS,0.006550000000000003,2016.0,0.07352941176470588,0.11029411764705882,0.17647058823529413,95555.42522868,5.336e-05,0.0,0.0,0.0,96468.31463964,1.15e-06,3145.67949522,318.96750126,2826.71199396,37.90169264,37.90325651,8404.94041421,187.8198464,15.57766389,37.90325626,87.98934174,0.29996367,0.0,1.29984255,0.0,7.59907948,321.0,142.0,44.0,98.6,0.0,0.0,0.0,46.0,0.0
59,DRACUT,0.004778378378378379,2016.0,0.02702702702702703,0.02702702702702703,0.02702702702702703,99479.69943659,11131.24837144,0.0,37069.19734465,0.0,100667.34394779,19775.79323783,2146.98282681,216.13548664,1930.98296319,21.43716462,21.43675388,5733.60605026,108.64157752,22.7259156,21.23618659,86.81118659,2.86440212,0.0,2.96749867,0.0314257,5.2049186,1157.0,838.0,72.0,99.3,0.0,0.0,0.0,52.0,0.0
60,DUNSTABLE,0.0023714285714285725,2016.0,0.02857142857142857,0.02857142857142857,0.08571428571428572,131118.77914188,6.39e-05,0.0,130119.8134202,0.0,131674.22176904,0.06684793,1138.55251778,183.92755485,954.62496294,16.75209706,16.75066612,3185.16291324,37.97806507,28.89996721,16.75066612,92.50742402,8.3e-07,0.0,4.495505,0.0,1.29870253,66.0,66.0,100.0,97.0,0.0,0.0,0.0,35.0,0.0
62,EAST BRIDGEWATER,0.00798684210526316,2016.0,0.11842105263157894,0.15789473684210525,0.25,87566.22413542,74892.88982471,0.0,0.00495791,0.0,85278.69454551,0.0,2091.86846341,183.68764076,1908.18082266,17.54106484,17.54103339,5721.11158885,139.48025885,21.25302386,17.53047521,89.37299886,3.3652325,0.0,2.26327243,0.0,2.00446289,497.0,381.0,77.0,99.5,0.0,0.0,0.0,61.0,0.0
63,EAST BROOKFIELD,0.0005904761904761904,2018.0,0.0,0.0,0.0,84420.88092037,0.0,0.0,0.0,0.0,84490.86175545,3.1e-07,821.93228318,57.99522193,763.93706125,10.42292114,10.42287839,2131.01484321,55.86901759,12.53506454,10.42287829,96.97344335,0.8997536,0.29991787,0.0,0.0,1.7995072,63.0,47.0,75.0,100.0,0.0,0.0,0.0,64.0,0.0
64,EAST LONGMEADOW,0.00349295081967213,2016.0,0.03278688524590164,0.053864168618266976,0.1358313817330211,91469.9074212,1.182e-05,0.0,15021.58891025,0.0,91921.26764992,131599.26410618,2190.52674847,268.97505053,1921.55169794,13.00819933,13.00796811,5682.10197887,67.43760906,37.57560031,13.00796811,85.11293381,5.75611981,0.22590525,3.17417477,0.0,4.36667004,480.0,376.0,78.0,97.6,2.1,0.0,0.0,69.0,1.9
68,EASTHAMPTON,0.003566536585365851,2016.0,0.05853658536585366,0.0975609756097561,0.1902439024390244,69705.38130864,25660.42956681,0.0,121343.17112004,0.0,69560.19135768,15924.19714701,2375.71471147,228.73522502,2146.97948645,13.6061578,13.6055978,5404.01272612,142.23797536,16.99177237,13.47482688,89.30843096,1.60243066,0.0,2.73551624,0.0,3.8993848,470.0,296.0,63.0,99.7,0.0,0.0,0.0,71.0,0.0
69,EDGARTOWN,0.00055188679245283,2016.0,0.009433962264150943,0.009433962264150943,0.018867924528301886,59598.96190418,0.0,0.0,0.0,0.0,64966.63881564,4e-07,1284.99292396,405.9977643,877.99516517,26.70078345,26.62558186,3746.80275757,119.99368319,9.18606245,26.47977394,74.30328841,0.82763564,0.0,0.73567612,0.0,6.80500414,132.0,72.0,55.0,97.2,0.0,0.0,0.0,35.0,0.0
70,ERVING,0.001860740740740741,2016.0,0.018518518518518517,0.018518518518518517,0.07407407407407407,9609.18726447,0.0,0.0,0.0,0.0,9954.32708469,16096.35851928,244.98550635,35.99787032,208.98763603,14.38608999,14.38420054,574.60975715,22.98436599,1.67574441,14.24144094,15.72360087,0.23720949,0.08471768,0.10166121,0.0,0.38970132,59.0,26.0,44.0,92.3,0.0,0.0,0.0,67.0,0.0
71,ESSEX,0.006636363636363637,2016.0,0.045454545454545456,0.045454545454545456,0.18181818181818182,111769.15523958,8.35e-06,0.0,0.0,0.0,112020.33516368,0.0,1408.90526689,314.9788212,1092.92651292,14.25565318,13.36772005,3384.99124797,48.98539885,25.83088098,14.01945497,97.22140516,0.0,0.0,0.0,0.0,0.49250965,111.0,94.0,85.0,97.9,0.0,0.0,0.0,61.0,0.0
72,EVERETT,0.00103072,2019.2,0.0,0.0,0.04,57135.81328602,63994.72258729,0.0,49673.19833901,0.0,48535.14719061,56906.41077217,2231.28648241,242.7801792,1988.50630322,3.43199084,3.42901662,5456.56384595,309.78263348,6.15118508,3.41517972,42.40546736,17.08330561,0.01023103,5.91553158,0.0069827,30.38028303,2220.0,1663.0,75.0,97.7,1.7,0.5,0.1,88.0,2.0
73,FALL RIVER,0.0024097100371747197,2016.0,0.016356877323420074,0.021561338289962824,0.05799256505576208,66610.19324852,3884.82159167,0.0,14803.5644496,0.0,65404.92474349,7236.87234495,1760.89149527,158.34251331,1602.58482921,38.54383492,38.54153656,4190.144165,165.1277854,17.61038109,38.51864876,87.59919089,2.37046753,0.00571532,1.40433414,0.0,4.28410192,3512.0,2669.0,76.0,97.4,2.3,0.3,0.0,82.0,1.6
75,FITCHBURG,0.009689221140472878,2016.9457579972184,0.09318497913769123,0.1502086230876217,0.2851182197496523,70764.20168049,85143.19770458,0.0,98503.84167431,0.0,70972.44796642,21461.16129118,1667.18180566,130.73888666,1536.442919,28.11715732,28.11627707,4237.4748359,199.14077856,8.58159293,28.11627707,77.44120337,3.00170654,0.13627375,4.03949512,0.0,13.73487494,1831.0,1209.0,66.0,97.9,1.6,0.4,0.1,78.0,1.7
76,FLORIDA,0.0034308333333333343,2016.0,0.0,0.027777777777777776,0.25,24737.85407365,0.0,0.0,0.0,0.0,25052.29249843,4.148e-05,250.97150209,32.99625326,216.97536236,24.5978421,24.59774333,557.35027358,11.9860265,8.04323892,24.59774325,37.25323468,1.74688014,0.04062512,0.0,0.0,0.44687632,30.0,6.0,20.0,100.0,0.0,0.0,0.0,60.0,0.0
77,FOXBOROUGH,0.00039,2016.0,0.0,0.0,0.018518518518518517,97976.49605638,45534.84001854,0.0,71764.05415876,0.0,99213.79427715,9.55e-05,2246.5312484,242.47030344,2004.06094497,20.84605682,20.85011105,5605.05098035,98.32031381,136.67976065,20.85011105,87.34922383,4.32340635,0.0,1.83758304,0.0,4.04489101,654.0,503.0,77.0,99.4,0.0,0.0,0.0,57.0,0.0
78,FRAMINGHAM,0.03982230813953489,2016.5232558139535,0.25,0.311046511627907,0.40988372093023256,98867.83821697,46014.63393921,0.0,116510.87994702,0.0,101755.7806672,57236.53237711,2277.68278986,331.38221889,1946.30057097,26.50462874,26.50334496,5308.42345194,153.10173699,26.02444766,26.47390719,72.51613637,5.15978153,0.31430118,8.78918719,0.0,9.76905147,3213.0,2153.0,67.0,98.6,1.1,0.3,0.0,77.0,1.3
79,GARDNER,0.010642580645161293,2016.0,0.14838709677419354,0.17419354838709677,0.3096774193548387,56303.76733481,16225.55219206,0.0,7.733e-05,0.0,57215.40136497,21175.48290619,1879.99738096,182.18733541,1697.81004555,23.01354303,23.01344205,4539.74136119,161.81931985,15.78238795,23.01293593,82.71672235,2.90383518,0.01166882,1.84132459,0.0,8.96045898,779.0,444.0,57.0,94.8,4.1,0.0,0.0,77.0,4.1
80,GLOUCESTER,0.002583212735166414,2016.3646888567293,0.030390738060781478,0.04486251808972504,0.07670043415340087,80747.41012892,12431.56500309,0.0,0.0,0.0,81318.11070782,1005.00439561,1627.25126475,282.83938767,1344.60389235,26.70130451,26.48894756,3633.05457882,147.01740434,11.06237931,26.35632576,94.28539746,0.84889927,0.0,1.56610431,0.0,0.76994805,751.0,686.0,91.0,95.2,4.4,0.0,0.0,78.0,2.9
81,GRAFTON,0.009162499999999997,2018.0,0.01893939393939394,0.022727272727272728,0.056818181818181816,107634.48088648,20345.22872678,0.0,135131.69413662,0.0,106178.36943373,20658.96641191,1920.69416225,199.01084198,1721.68332027,23.30513471,23.30524959,4746.16320219,143.99374619,20.40600832,23.17286123,78.41915113,4.51262482,0.0,7.16008307,0.0,6.3193972,795.0,499.0,63.0,98.6,0.0,0.0,0.0,47.0,0.0
82,GREENFIELD,0.004278162055335968,2017.0,0.043478260869565216,0.08102766798418973,0.16798418972332016,63904.80820601,685.74286922,0.0,1.559e-05,0.0,65537.80577731,52429.78105027,1474.447646,195.80111182,1278.64653418,21.87289597,21.87221785,3153.31058708,173.0958825,8.20369295,21.44497123,88.88548197,1.19175381,0.02318968,1.55846072,0.0,6.28058894,610.0,345.0,57.0,96.8,3.2,0.0,0.0,80.0,2.9
83,GROTON,0.0023589743589743596,2016.0,0.02564102564102564,0.03418803418803419,0.1282051282051282,124683.58613435,0.00038477,0.0,178612.96444336,0.0,123933.49478086,98639.44099622,2102.50482726,453.39039234,1649.11443493,33.78016845,33.7819413,5511.59244371,76.78994197,24.20763196,33.78194131,90.40639539,0.08284741,0.0828474,4.68499672,0.0,1.6711504,367.0,230.0,63.0,97.4,0.0,0.0,0.0,46.0,2.6
84,GROVELAND,0.003998823529411766,2016.0,0.058823529411764705,0.11764705882352941,0.27058823529411763,97094.24880171,0.00021026,0.0,1.539e-05,0.0,96430.34966627,1.54e-06,2367.82564944,314.97680725,2052.84884219,9.39681592,9.396791,6522.92348092,93.95568484,24.19868741,9.19575017,93.6857666,0.89986329,0.0,0.19996962,0.0,4.89925567,190.0,152.0,80.0,98.0,0.0,0.0,0.0,65.0,0.0
85,HAMILTON,0.0068449999999999995,2016.0,0.05,0.075,0.125,126905.36506178,0.0,0.0,3.374e-05,0.0,131991.31034152,0.0,1371.57492983,217.14612926,1154.42880057,14.90078129,14.90167067,3881.81946218,81.27000495,27.54572544,14.60941092,92.62419847,0.21589585,0.0,4.9061138,0.11595862,1.25341713,269.0,256.0,95.0,99.6,0.0,0.0,0.0,74.0,0.0
86,HAMPDEN,0.031605681063122934,2017.471760797342,0.06976744186046512,0.09966777408637874,0.13953488372093023,85932.34727282,4.038e-05,0.0,0.0,0.0,85197.43838023,210286.93128284,1984.9045746,260.98745288,1723.91712172,19.64018904,19.64018377,5034.73698422,89.9595583,19.83590433,19.64018377,93.88836097,0.19997521,0.19997521,0.59992563,0.0,3.89951659,108.0,82.0,76.0,98.8,0.0,0.0,0.0,73.0,0.0
88,HAVERHILL,0.0017292502639915533,2016.180570221753,0.010559662090813094,0.01795142555438226,0.03801478352692714,88234.9365869,38855.59346093,0.0,8927.86454342,0.0,88060.04362266,37471.03449937,1702.13711102,155.5382497,1546.59886132,35.69706104,35.69674108,4197.16165021,109.5713779,24.10140581,34.33428322,82.63926081,2.64567076,0.01929339,1.90150557,0.0,8.97273499,2950.0,1764.0,60.0,98.3,1.2,0.5,0.0,66.0,1.4
89,HOLDEN,0.007600954979536151,2018.0,0.06684856753069578,0.0941336971350614,0.17871759890859482,105523.63190055,0.00320611,0.0,38860.25649068,0.0,106269.69699899,52771.93784218,1759.92836841,245.07502978,1514.85330112,36.32189873,36.32191621,4452.61693973,78.54763467,20.79859571,36.32191621,87.81681252,0.71484522,0.04044664,3.20940591,0.0,5.23792583,681.0,457.0,67.0,99.3,0.0,0.0,0.0,61.0,0.0
90,HOLLAND,0.0023837209302325583,2018.0,0.0,0.023255813953488372,0.18604651162790697,31803.56186185,0.0,0.0,0.0,0.0,31824.23570564,36453.82826548,813.95624577,104.99435603,708.96188975,13.05075249,13.05072269,2003.2553515,63.97621881,5.12453883,13.05072267,42.60609707,0.26965884,0.04494314,0.0,0.0,1.70783933,67.0,48.0,72.0,100.0,0.0,0.0,0.0,67.0,0.0
91,HOLLISTON,0.00030163170163170164,2016.0,0.004662004662004662,0.004662004662004662,0.006993006993006993,131196.12904445,0.0,0.0,162507.18291164,0.0,131484.56945115,74031.47535443,1715.74440444,325.81427416,1389.93013028,19.05349699,19.05329754,4409.08798791,73.17359272,21.08538176,19.05329751,88.40809822,1.08636145,0.0,4.1925767,0.0,3.86579555,472.0,373.0,79.0,98.4,1.6,0.0,0.0,72.0,0.0
92,HOLYOKE,0.022899719999999946,2016.239,0.214,0.273,0.462,68306.45965712,46622.71263507,916.55408921,8055.91553003,0.0,67199.32585995,56091.86766225,1691.39761783,177.82812543,1513.5694924,22.8003716,22.80062882,4071.34519966,210.77949951,12.40757984,21.97535691,70.2570129,3.01570666,0.1668754,1.14548951,0.0,24.77069351,1899.0,1316.0,69.0,97.3,1.9,0.8,0.1,83.0,2.3
93,HOPEDALE,0.0005778512396694215,2016.0,0.008264462809917356,0.008264462809917356,0.01652892561983471,107341.31877395,9.71e-06,0.0,0.00320527,0.0,107623.76903143,0.00161493,2258.34329499,193.77196109,2064.57032772,5.3487009,5.34863053,5818.39295743,70.76138298,29.45531905,5.34863054,95.91352741,0.59883562,0.0,0.39922423,0.0,2.19573109,176.0,139.0,79.0,97.1,0.0,0.0,0.0,61.0,0.0
94,HOPKINTON,0.006141190108191648,2018.466769706337,0.08500772797527048,0.11746522411128284,0.21638330757341576,166878.3653829,46691.84136276,0.0,242671.66479614,0.0,160657.18595447,0.00029284,2107.26441472,301.90166021,1805.36275451,27.85424673,27.85428298,5231.08854371,41.8113108,44.99229241,27.85428255,82.82626654,1.84033008,0.14590161,10.64825316,0.0,2.74021085,595.0,519.0,87.0,98.8,0.0,0.0,0.0,41.0,0.0
95,HUDSON,0.0021437269372693735,2017.0,0.01845018450184502,0.025830258302583026,0.055350553505535055,96283.63823999,16978.75037784,0.0,112518.06991774,0.0,99024.65903565,0.01300115,1853.75593758,279.31931596,1574.43662161,11.8640954,11.86929908,4704.45862439,126.17834528,16.99704982,11.86929917,89.14894856,0.85816144,0.0,3.18275804,0.0,4.81625445,750.0,474.0,63.0,98.9,0.0,0.0,0.0,60.0,0.0
96,HULL,0.005357808219178091,2016.0657534246575,0.021917808219178082,0.043835616438356165,0.11506849315068493,84823.501758,0.0,0.0,0.0,0.0,86171.97620792,0.0,1619.81057215,232.64716048,1387.32231914,3.19864208,2.76272703,3280.84630646,127.14233022,10.90031351,2.79496261,91.42307283,0.47307462,0.0,1.3373088,0.0,2.52949389,243.0,150.0,62.0,96.7,0.0,0.0,0.0,77.0,0.0
101,LANCASTER,0.0038018292682926833,2018.0,0.036585365853658534,0.06097560975609756,0.21341463414634146,103050.60301653,2e-08,0.0,0.00057156,0.0,106024.01449569,0.00024659,2411.73838813,433.95292196,1977.78546617,27.9850374,27.98511536,6457.16189158,211.7099961,10.47227003,27.98511537,83.48347616,4.19916887,0.09998021,1.59968339,0.19996042,8.0983972,188.0,155.0,82.0,98.1,0.0,0.0,0.0,71.0,0.0
102,LANESBOROUGH,0.001722077922077922,2018.0,0.0,0.012987012987012988,0.06493506493506493,76768.83071827,0.00026959,0.0,0.0,0.0,79023.38653662,1.388e-05,1211.29828424,164.90446028,1046.39382397,29.58580571,29.58897745,3052.61291259,52.95857415,22.55902853,29.58897775,95.93855275,1.99871982,1e-08,1.19923202,1e-08,3.5e-07,70.0,55.0,79.0,96.4,0.0,0.0,0.0,64.0,0.0
103,LAWRENCE,0.02500572519083969,2016.0,0.14694656488549618,0.18702290076335878,0.28435114503816794,45998.20434273,34110.86275324,1269.02718768,21327.16702619,0.0,51705.46090509,42180.72773316,1873.39274562,104.90796015,1768.56530222,7.42786245,7.42788942,5334.83729386,486.30003604,2.98692207,6.99753073,17.6614199,2.57102962,0.014121,3.15692046,0.0,75.72346524,4813.0,3267.0,68.0,98.4,1.2,0.3,0.1,81.0,1.5
104,LEICESTER,0.10391548117154811,2016.1506276150628,0.14225941422594143,0.16736401673640167,0.32217573221757323,82776.34235074,1.83e-06,0.0,0.00042825,0.0,82801.6967971,0.00060444,2123.42755973,248.23094489,1875.1965981,24.6348679,24.63435876,5476.64636513,116.63975942,65.07520361,24.63435876,91.13590555,2.71434996,0.0603672,0.46026715,0.13958271,4.00637975,325.0,226.0,70.0,98.7,0.0,0.0,0.0,66.0,0.0
105,LEOMINSTER,0.003979545454545453,2018.0363636363636,0.04090909090909091,0.07727272727272727,0.11818181818181818,66486.69048436,16169.78626779,0.0,15005.45047991,0.0,72934.1598122,15640.68942775,1960.87842765,187.62490694,1773.25352071,29.67951465,29.68231754,4683.28154968,189.75438589,22.2213157,29.68231754,75.17449557,3.24939258,0.01846939,2.67980028,0.0,16.21169872,1466.0,1132.0,77.0,98.6,1.1,0.0,0.0,65.0,1.1
106,LEXINGTON,0.013531211904761909,2016.6166666666666,0.13333333333333333,0.16428571428571428,0.23809523809523808,174216.30741422,29054.39741547,0.0,186833.39007459,0.0,160919.90566557,103483.28337463,1970.36910085,342.83846273,1627.53063812,16.63933445,16.63972253,5232.43339251,99.59224468,19.38790283,16.63972253,64.18330829,0.87574327,0.05989338,29.26978955,0.0,2.01771531,964.0,473.0,49.0,99.2,0.0,0.0,0.0,71.0,0.0
107,LEYDEN,0.003252,2016.0,0.0,0.1,0.2,22014.7491168,0.0,0.0,23022.04736014,0.0,21954.51954528,1.832e-05,567.81268513,81.97295807,484.84005685,18.05633364,18.05601817,1402.60274393,26.93472198,6.74247273,17.96942215,31.25430216,0.48834844,0.0,0.35812223,0.0,0.09766976,12.0,1.0,8.0,0.0,0.0,0.0,0.0,56.0,0.0
108,LITTLETON,0.003890410958904112,2016.0,0.0684931506849315,0.1461187214611872,0.2191780821917808,118769.48574597,3.887e-05,0.0,84919.20167116,0.0,118880.37220295,4.995e-05,1792.14229024,238.45754499,1553.68474526,17.5108287,17.51043667,4424.78876509,101.65017978,30.69917496,17.51043664,88.37166699,0.37953555,0.0,6.11873991,0.0,1.11350424,332.0,270.0,81.0,97.8,0.0,0.0,0.0,57.0,0.0
109,LONGMEADOW,0.005119583975346687,2016.4499229583976,0.029275808936825885,0.046224961479198766,0.07395993836671803,113917.46698615,8.683e-05,0.0,30488.84314887,0.0,107933.53525798,218940.6704742,2087.01768145,351.41800843,1735.59967302,9.59523606,9.59515937,5678.46351534,104.83568966,22.77774126,9.11367112,85.86204076,0.66241754,0.0,6.63774174,0.0,5.35126804,464.0,316.0,68.0,99.4,0.0,0.0,0.0,86.0,0.0
110,LOWELL,0.0030071905495634263,2016.0277349768876,0.015921931176168466,0.024139702105803802,0.042116076014381096,60617.49750467,29459.88440883,323.63323596,70161.83619293,0.0,63469.62302944,24116.04642629,1794.19840569,145.23136736,1648.96703834,14.52945875,14.5294272,4824.06661767,265.46070563,7.54988714,13.68111301,54.12249355,6.01369819,0.40690344,21.61657751,0.00831765,15.93522763,5399.0,3735.0,69.0,97.0,2.4,0.4,0.2,79.0,2.6
111,LUDLOW,0.0029032210526315793,2018.0505263157895,0.023157894736842106,0.04,0.06736842105263158,85850.55151028,3.86e-06,0.0,1e-08,0.0,88224.82488265,17830.57862158,2310.57480848,321.51805197,1989.05675651,28.33770348,28.33630948,5988.85414138,119.04856756,19.57308599,28.24467259,84.45597685,1.99475392,0.02348635,0.94320971,0.0,11.34784821,512.0,367.0,72.0,99.2,0.0,0.0,0.0,65.0,0.0
112,LUNENBURG,0.010658997722095678,2018.362186788155,0.1275626423690205,0.1571753986332574,0.23234624145785876,103437.35523351,0.00032662,0.0,0.00030588,0.0,102698.90375529,9.541e-05,2100.99319964,197.98739515,1903.00580449,27.74719801,27.74365004,5142.48667055,103.96252421,18.55419861,27.74365004,87.47900308,1.94971729,0.0,1.99953489,0.0,6.29790287,326.0,286.0,88.0,99.0,0.0,0.0,0.0,59.0,0.0
113,LYNN,0.01501419441641438,2018.32256979482,0.10494450050454086,0.14698957282206526,0.23107971745711403,75345.82600062,58890.29783951,0.0,30752.82541254,0.0,75013.69249016,75290.5633006,1564.71009879,148.6915367,1416.00847134,11.54907376,11.50887313,4440.47878222,209.43592374,15.67421077,11.46669359,55.15442626,7.33425352,0.21058166,5.94875693,0.01317539,28.16147725,5000.0,4097.0,82.0,96.9,2.6,0.4,0.0,86.0,2.3
114,LYNNFIELD,0.00650422145922746,2018.0,0.06866952789699571,0.15450643776824036,0.4184549356223176,132830.03220415,77060.21423888,0.0,187792.1617032,0.0,130049.08741714,72704.42693391,2220.62563842,406.99284728,1813.63279113,10.44149194,10.44142171,5753.79172652,63.02371357,39.41898708,10.44142171,90.06853806,0.99893319,0.0,4.67219057,0.0,2.24423939,322.0,421.0,99.0,100.0,0.0,0.0,0.0,71.0,0.0
115,MALDEN,0.002871911056910569,2016.4373983739838,0.04227642276422764,0.05853658536585366,0.0943089430894309,64384.27898419,46527.69192993,0.0,59665.79541565,0.0,66440.93594256,41982.31437293,2227.58817606,176.74365295,2050.8445019,5.0690006,5.06829017,5590.42392357,324.93615181,6.1964045,5.06563743,49.08534679,15.63981347,0.02843377,22.76186113,0.02192087,8.57209721,2716.0,2008.0,74.0,97.3,2.0,0.6,0.0,79.0,2.5
116,MANCHESTER,0.014619402985074628,2016.0,0.029850746268656716,0.04477611940298507,0.08955223880597014,122571.73636615,0.0,0.0,0.0,0.0,122425.47055723,0.0,2047.94669067,331.99135806,1715.95533261,7.78576366,7.73549905,5076.20498817,104.92155143,17.64351012,7.74821545,96.25871496,0.0,0.0,0.5929695,0.0,1.58125199,121.0,85.0,70.0,97.6,0.0,0.0,0.0,82.0,0.0
117,MANSFIELD,0.008589894419306186,2018.2187028657618,0.14177978883861236,0.2081447963800905,0.36048265460030166,122996.71755861,0.00087042,0.0,211300.18047788,0.0,122869.29331727,8146.39206671,2060.16158015,222.81551052,1837.34606963,20.42685257,20.42314346,5857.29243225,88.73712679,24.86076957,20.42314347,87.60455493,2.56474931,0.0,4.48406145,0.0,3.31070201,814.0,645.0,79.0,98.8,1.1,0.0,0.0,46.0,0.0
118,MARBLEHEAD,0.009626847292418765,2016.7617328519855,0.06678700361010831,0.12815884476534295,0.2111913357400722,113636.70653087,0.00085935,0.0,127941.14657236,0.0,111928.10714929,33174.22959362,2066.80733438,372.1956509,1694.9416462,4.36068434,4.33498409,4984.38844159,148.76055799,13.5375434,4.33416922,90.37381823,1.13467673,0.0,1.55541463,0.0,4.39673037,558.0,466.0,84.0,98.1,1.7,0.0,0.0,87.0,0.0
119,MARION,0.0021228070175438605,2016.0,0.0,0.03508771929824561,0.10526315789473684,78834.48695686,0.01050462,0.0,9.802e-05,0.0,80568.71182786,1.39e-06,1831.42822703,261.91819201,1570.50972278,14.11945924,13.97370662,4695.06142615,56.90359336,31.13313521,13.8233168,85.8264419,1.57299323,0.0,0.78649664,0.0,1.76961737,115.0,96.0,83.0,96.9,0.0,0.0,0.0,55.0,0.0
120,MARLBOROUGH,0.0035034836415362724,2016.877667140825,0.059743954480796585,0.10099573257467995,0.1721194879089616,83905.48909691,10184.44481105,0.0,78727.30336978,0.0,88337.72558794,68877.85195917,2492.25446991,330.43436657,2161.82010333,22.10236467,22.09715393,6106.28957889,179.01577312,18.55041546,22.09715391,74.74331765,2.37648812,0.0,6.73525659,0.0,11.48861436,1906.0,1143.0,60.0,97.7,1.8,0.0,0.0,58.0,1.6
121,MARSHFIELD,0.012302936630602775,2016.0,0.07573415765069552,0.11901081916537867,0.22256568778979907,99875.02297598,0.0,0.0,0.0,0.0,100849.81409545,0.0,2061.22775857,230.87141371,1829.62784721,28.55621413,28.52834582,5516.13831984,107.40229279,19.03210854,28.28116326,92.16510782,0.17525829,0.23433911,0.74608719,0.07336694,2.02778938,873.0,593.0,68.0,99.0,1.0,0.0,0.0,64.0,0.0
124,MATTAPOISETT,0.007136000000000001,2016.0,0.056,0.072,0.096,90964.35270836,0.0,0.0,2.265e-05,0.0,90883.89108928,88943.86992306,2579.63573634,346.95100795,2232.68472839,17.49298842,17.3818803,6015.02722539,67.95510989,33.14748619,17.28117253,93.67322777,2e-08,0.0,0.09933534,0.0,2.28471282,117.0,93.0,79.0,98.9,0.0,0.0,0.0,71.0,0.0
125,MAYNARD,0.0014437007874015763,2018.0,0.003937007874015748,0.003937007874015748,0.031496062992125984,100489.56982867,0.00190073,0.0,0.02676051,0.0,100917.88592575,0.00883429,2078.30296588,292.37927509,1785.92347272,5.36843387,5.36844874,5055.28240586,116.33138731,22.8465112,5.36844874,91.93105577,1.15384363,1e-08,2.46595565,1e-08,2.50366259,473.0,246.0,52.0,98.0,0.0,0.0,0.0,68.0,0.0
126,MEDFORD,0.0033528372549019607,2017.8823529411766,0.058823529411764705,0.0784313725490196,0.17647058823529413,94982.23565684,58466.89317967,0.0,107531.994931,0.0,91307.15563238,18161.82204189,2301.57871865,236.04778512,2065.58071305,8.4487248,8.44596333,5107.72524676,214.8420665,11.88121331,8.33262491,74.57731331,7.59583424,0.03141065,8.28102044,0.10514632,5.33516292,2061.0,1494.0,72.0,98.5,1.1,0.3,0.1,82.0,1.3
127,MEDWAY,0.035201136363636344,2016.0416666666667,0.07196969696969698,0.08333333333333333,0.13636363636363635,128310.67019163,0.0,0.0,204241.66140932,0.0,127419.29459969,23547.26971652,2564.60147092,360.48227443,2204.11919648,11.66750048,11.66717768,7088.05458368,105.15477949,22.39173712,11.60689618,91.87042196,2.61654721,0.0,3.15541416,0.0,0.92341347,451.0,288.0,64.0,98.6,0.0,0.0,0.0,56.0,0.0
128,MELROSE,0.005717564924114673,2017.0927487352444,0.08431703204047218,0.12310286677908938,0.1973018549747049,106279.02425573,42237.86493655,0.0,129296.97762855,0.0,105475.03791996,35690.90965272,2278.16018149,309.39456381,1968.76561768,4.76805161,4.76834867,5597.71070885,135.15400711,21.78954847,4.76834867,85.10536004,2.59097505,0.0,6.41546674,0.0,3.83633421,1118.0,1028.0,92.0,98.5,1.3,0.0,0.0,85.0,1.1
129,MERRIMAC,0.0033247787610619457,2016.0,0.02654867256637168,0.02654867256637168,0.07079646017699115,83448.47243293,0.0,0.0,0.0,0.0,84093.01353226,0.0,2773.23726271,347.77887184,2425.45839087,8.90195335,8.90232807,6304.60143165,144.1661304,15.72297579,8.71087447,94.43262831,0.09992882,0.0,0.89935833,0.0,3.89721912,134.0,149.0,99.0,98.7,0.0,0.0,0.0,42.0,0.0
130,METHUEN,0.003022137404580152,2017.0,0.029262086513994912,0.04834605597964377,0.09796437659033079,94491.61453018,49733.0387714,5539.17330952,42626.54832278,0.0,94014.60932734,85407.80699379,1625.26020888,155.89893399,1469.36127489,22.99503589,22.9947227,4341.79654082,116.90918942,23.60602452,22.48534999,72.56977067,2.13605073,0.0,4.39043341,0.0,18.66124695,2107.0,1204.0,57.0,98.9,0.7,0.2,0.2,61.0,0.8
132,MIDDLEBOROUGH,0.19836708860759514,2016.0506329113923,0.056962025316455694,0.06962025316455696,0.12658227848101267,91836.34224131,19835.3213867,0.0,9.722e-05,0.0,90535.40555171,105873.35183725,2383.50075589,260.5962605,2122.90449539,72.20436515,72.20831087,6032.04634022,109.8118576,21.85950317,71.97857991,92.97064968,1.45735883,0.09809219,0.64819499,0.29427657,2.19256884,898.0,560.0,62.0,98.6,1.1,0.0,0.0,51.0,1.2
133,MIDDLETON,0.0308931937172775,2018.0,0.05235602094240838,0.06806282722513089,0.1256544502617801,102587.30142248,0.0,0.0,235470.67134128,0.0,101908.41192901,8.77e-06,2974.8853025,405.98434716,2568.90095533,14.48714274,14.48693797,7450.66591793,110.74214104,22.52944469,14.4843002,88.88553171,0.7998698,0.09998373,1.49975588,0.0,6.69890959,240.0,206.0,86.0,99.0,0.0,0.0,0.0,42.0,0.0
134,MILLBURY,0.0004683333333333333,2016.0,0.0,0.01904761904761905,0.023809523809523808,85072.00543551,1.313e-05,0.0,67832.81536652,0.0,83181.1173712,6.9e-06,2093.69593237,133.96339801,1959.73253436,16.44527468,16.44600837,5461.87457723,71.20715411,29.35338778,16.44600841,92.32181608,1.63438926,0.04210543,2.58054442,0.34961224,0.49758815,444.0,337.0,76.0,99.7,0.0,0.0,0.0,62.0,0.0
135,MILTON,0.0003046755102040816,2017.0408163265306,0.00510204081632653,0.00510204081632653,0.01020408163265306,132119.27688119,112919.5578815,0.0,186212.09052353,0.0,132244.933374,71150.04796377,1561.58716919,263.22646943,1298.36069976,13.30776276,13.19889223,4361.07084194,100.42165453,32.76876725,13.13377647,76.52340176,9.91924668,0.09545244,7.20181225,0.0,3.56355056,998.0,809.0,81.0,98.9,0.9,0.0,0.0,84.0,1.0
136,MONSON,0.004384469696969696,2016.0,0.06060606060606061,0.09090909090909091,0.16666666666666666,82527.20754921,9.86e-06,0.0,0.0,0.0,83954.83039613,4.71e-05,1778.88333845,253.83109379,1525.05224466,44.78490473,44.78611721,4285.91392405,126.88766525,14.35871461,44.78611716,95.34815676,0.83277193,0.0,0.61170243,0.0,1.93973917,218.0,146.0,67.0,98.6,0.0,0.0,0.0,56.0,0.0
137,NAHANT,0.000771626865671642,2016.5671641791046,0.0,0.0,0.029850746268656716,89592.87272838,0.0,0.0,131833.56069206,0.0,89241.37710555,0.00020329,1551.95163778,168.99473375,1382.95690403,1.25463445,1.18990878,3236.71124485,63.99428738,21.6338889,1.03598538,93.995454,0.98734729,0.0,1.38228609,0.0,1.57975573,55.0,63.0,99.0,98.4,0.0,0.0,0.0,88.0,0.0
138,NANTUCKET,0.0,2020.0,0.0,0.0,0.0,101779.92468244,0.0,0.0,0.0,0.0,103278.71278766,18528.33252057,603.54366376,173.97307438,429.44930241,48.90211563,48.12546936,1414.50108839,47.34898596,14.52355554,47.85947496,90.2310547,3.01693478,0.10540617,1.06163539,0.02148965,1.6425992,493.0,280.0,57.0,98.6,0.0,0.0,0.0,37.0,0.0
139,NEEDHAM,0.0013841372912801481,2016.3896103896104,0.011131725417439703,0.016697588126159554,0.07050092764378478,150324.23387358,53788.05808682,0.0,86245.71480634,0.0,150675.56189847,66281.17089533,2156.42217076,398.31426423,1758.10790653,12.72207999,12.7209675,5594.66870089,108.65594161,27.63243996,12.51570461,84.05772182,3.11061136,0.03892773,8.11822053,0.0,2.62852744,1112.0,838.0,75.0,99.8,0.0,0.0,0.0,72.0,0.0
140,NEW BEDFORD,0.011670337197049527,2016.0105374077978,0.0958904109589041,0.14330874604847207,0.25500526870389884,61658.21006623,6978.03925827,0.0,1.034e-05,0.0,64538.00012055,23917.80140372,1384.25616009,74.86929454,1309.39702412,20.27894066,20.25884955,3388.46987403,178.89668521,11.004947,20.20738211,73.87156095,3.90025391,0.0347435,2.17869476,0.01240728,12.99345858,4398.0,3587.0,82.0,94.1,4.9,0.9,0.1,85.0,4.3
141,NEW SALEM,0.0016052631578947366,2018.0,0.0,0.0,0.05263157894736842,44376.55482163,55446.69319053,0.0,0.0,0.0,44143.03943694,45166.08361504,1076.74479953,289.93128307,786.81351646,58.69136883,58.69002022,2458.56672106,67.90513774,7.48605212,58.69002026,49.66921104,0.32357793,0.16178896,0.53929654,0.0,1.45610064,24.0,7.0,29.0,85.7,0.0,0.0,0.0,55.0,0.0
142,NEWBURY,0.001812921348314606,2018.0,0.033707865168539325,0.0449438202247191,0.0898876404494382,92340.72488426,0.0,0.0,3.82e-06,0.0,94698.88854859,7.18e-06,2777.86754761,502.97601744,2274.89153017,24.18020131,24.01089367,6330.76120826,127.91431254,17.2519397,23.61304169,93.33363586,0.39716441,0.0,0.49645551,0.0,3.17731525,193.0,124.0,64.0,96.0,0.0,0.0,0.0,58.0,0.0
143,NEWBURYPORT,0.001090909090909091,2018.0,0.0,0.09090909090909091,0.09090909090909091,115689.30111281,0.0,0.0,67464.24701102,0.0,115751.79930998,0.0,2071.71878892,297.47906737,1774.51978072,8.74279558,8.44906942,4422.06233408,109.76466922,17.48833225,8.38214635,90.57463336,1.72471561,0.0,3.50027863,0.0,1.52116621,499.0,305.0,61.0,97.7,0.0,0.0,0.0,73.0,2.3
144,NEWTON,0.0032197857142857145,2016.142857142857,0.07142857142857142,0.07142857142857142,0.14285714285714285,154189.78975867,27431.04002623,0.0,158000.06923982,0.0,157300.86506194,46802.46818305,1761.69936497,331.00882432,1430.75709317,18.15552915,18.15541108,4508.74055654,117.14094601,24.24233892,17.93755844,74.19092782,2.99082763,0.09245681,14.65560871,0.00553165,4.91919817,3013.0,2034.0,68.0,99.4,0.5,0.1,0.0,83.0,0.5
148,NORFOLK,0.0014459084249084254,2016.0586080586081,0.029304029304029304,0.03296703296703297,0.047619047619047616,143148.60235043,0.0,0.0,100259.31326861,0.0,143007.76833765,47130.40395554,1557.02769323,277.24316137,1279.78453186,15.39693933,15.39703603,4508.80128567,84.11459346,20.12261453,15.30932325,82.34321789,6.44618362,0.32678765,1.68306086,0.0,8.10020473,342.0,337.0,99.0,99.4,0.0,0.0,0.0,43.0,0.0
149,NORTH ADAMS,0.005620691056910564,2016.1504065040651,0.08943089430894309,0.13211382113821138,0.19308943089430894,37129.78853139,0.0,0.0,0.0005936,0.0,37625.75001442,567.53691871,1293.70572284,129.78742989,1163.91829295,20.61500589,20.61506901,2918.16249186,272.60544386,5.12641273,20.61506901,90.3227574,1.15170701,0.0351582,0.5490656,0.09084224,4.54934338,449.0,355.0,79.0,92.7,6.2,0.0,0.0,85.0,3.9
150,NORTH ANDOVER,0.03618771186440677,2016.2372881355932,0.03389830508474576,0.046610169491525424,0.08050847457627118,155482.98649135,0.00291641,0.0,114437.28508658,0.0,153114.42635799,190330.44587967,1716.44290355,226.67739314,1489.76550496,27.71646183,27.71727502,4452.07020247,55.3646648,48.83608901,27.58447925,83.70866985,1.28277254,0.00576826,8.57090094,0.0,3.88525406,1086.0,743.0,68.0,98.8,0.9,0.0,0.0,55.0,0.9
152,NORTH ATTLEBOROUGH,0.004006564551422305,2016.0,0.0350109409190372,0.05470459518599562,0.11597374179431072,102709.86920105,33521.65163978,0.0,96577.9567992,0.0,99156.94861092,107381.0236473,2606.91241283,238.59210935,2368.32030347,19.38007649,19.38039689,7443.46148385,106.49617293,28.07294367,19.3528345,87.9154179,1.48496561,0.00864253,4.50728415,0.0,4.57189422,1139.0,660.0,58.0,97.3,2.4,0.0,0.0,59.0,1.8
154,NORTH BROOKFIELD,0.014984932432432424,2016.0,0.07432432432432433,0.08783783783783784,0.1891891891891892,73586.0473549,0.0,0.0,0.0,0.0,73856.99965926,0.0,1820.76826114,250.96805796,1569.80020318,21.94878597,21.94750022,4671.98412267,180.96065187,9.86856228,21.94750022,97.88277052,0.59989441,0.0,0.499912,0.0,0.99982401,170.0,95.0,56.0,98.9,0.0,0.0,0.0,72.0,0.0
158,NORTH READING,0.0029407792207792197,2018.0,0.015584415584415584,0.03116883116883117,0.08831168831168831,136584.47824124,8e-08,0.0,169414.00555843,0.0,132486.25820194,1.972e-05,2743.15056397,495.58174469,2247.56881928,13.48949993,13.48886915,7519.59177036,173.50045574,14.84362656,13.48886915,90.08790716,1.24939421,0.245507,4.43115375,0.0,1.46812628,536.0,419.0,78.0,100.0,0.0,0.0,0.0,56.0,0.0
159,NORTHBOROUGH,0.004281596343178618,2016.056258790436,0.09282700421940929,0.11954992967651196,0.21237693389592124,117800.7379132,0.00011313,0.0,71877.19027289,0.0,116116.71056505,3.197e-05,1994.68861584,268.43532915,1726.25328669,18.74458523,18.74459534,5367.7210855,41.70310258,57.84730148,18.74459534,83.55426897,2.4869512,0.35744299,8.34518045,0.0,2.8900245,382.0,367.0,96.0,99.5,0.0,0.0,0.0,56.0,0.0
160,NORTHFIELD,0.002059777777777779,2016.0,0.014814814814814815,0.037037037037037035,0.08888888888888889,72024.54482197,0.0,0.0,1.6e-06,0.0,76750.7087628,0.0001273,1233.07261973,121.90831411,1111.16430562,35.37275601,35.37328374,2990.87451759,76.94530743,14.94110122,34.37438202,95.32263853,0.39967561,1e-08,0.19983796,0.0,3.29732372,67.0,39.0,58.0,97.4,0.0,0.0,0.0,72.0,0.0
161,NORTON,0.024765044722719134,2016.0608228980323,0.2880143112701252,0.3774597495527728,0.5402504472271914,109250.41598728,22770.27263095,0.0,0.00078219,0.0,106757.13523882,4.975e-05,1633.04919269,181.05141488,1451.9977778,29.31389705,29.31473335,4325.95885287,94.91844621,26.85430597,29.27286539,91.30226319,3.40892024,0.0,1.41719556,0.0,2.49204981,601.0,453.0,75.0,99.8,0.0,0.0,0.0,48.0,0.0
162,NORWELL,0.006567207637231501,2016.1241050119331,0.07398568019093078,0.09785202863961814,0.16945107398568018,144212.3572845,0.0,0.0,6.683e-05,0.0,143991.62031881,0.0,1830.78664385,221.51966171,1609.26698214,21.2275351,21.22738202,5104.80248108,49.66152584,33.25223185,21.16332951,95.03248452,0.32684609,0.0,1.45357663,0.23346149,1.35922084,365.0,356.0,98.0,100.0,0.0,0.0,0.0,67.0,0.0
163,NORWOOD,0.004131655737704917,2017.9344262295083,0.08196721311475409,0.09836065573770492,0.14754098360655737,90756.6577581,26581.0634389,0.0,113193.61113158,0.0,90184.15773908,21716.16577832,2033.81096655,184.6854388,1849.12552775,10.54861083,10.5484658,5110.68316667,152.80766908,13.50953686,10.47011247,79.35088331,5.80769379,0.0,5.69897957,0.0,7.05214292,1206.0,922.0,76.0,98.3,1.3,0.0,0.0,78.0,1.4
164,OAK BLUFFS,0.013227765363128493,2016.04469273743,0.05027932960893855,0.061452513966480445,0.07262569832402235,81222.23764075,1.394e-05,0.0,0.0,0.0,86321.58246478,0.0,1741.93471731,423.9841103,1318.95056954,7.40473494,7.38064811,4430.18898934,157.93543309,9.28945358,7.35440634,87.01852264,3.266907,0.0,0.0,0.0,1.88094645,171.0,54.0,32.0,98.1,0.0,0.0,0.0,45.0,0.0
165,ORANGE,0.0075614285714285705,2016.0,0.14285714285714285,0.21428571428571427,0.2857142857142857,45844.52435278,3.4e-07,0.0,0.0,0.0,46233.05546806,5.31e-06,1559.63110278,213.38512859,1346.24597419,36.01148695,36.01261068,3664.02316205,197.08178669,8.33527339,35.84377716,96.44477525,0.53589596,0.22412785,0.38421917,0.0,1.12796054,288.0,102.0,35.0,90.2,9.8,0.0,0.0,71.0,0.0
166,PALMER,0.001512272727272727,2016.6363636363637,0.0,0.0,0.045454545454545456,62765.27228751,0.0,0.0,0.0,0.0,60868.24197368,9474.88210402,2004.80194458,298.11007739,1706.69186719,31.99899083,31.998556,4829.05390871,208.56649329,9.02625947,31.99855602,88.7802796,1.53222302,0.0,2.07960851,0.0,5.1071119,335.0,268.0,80.0,97.0,3.0,0.0,0.0,71.0,2.2
167,PAXTON,0.0003961165048543689,2018.0,0.0,0.009708737864077669,0.019417475728155338,99844.65595536,249925.0435652,0.0,0.0,0.0,97042.50757476,1.134e-05,1569.73188986,179.96926126,1389.7626286,15.4531073,15.45402747,4278.11277929,55.96222444,26.42518408,15.45402739,88.27317274,7.19781247,0.0,0.59981771,0.09996962,2.69917969,144.0,93.0,65.0,98.9,0.0,0.0,0.0,72.0,0.0
168,PEABODY,0.03476525134264231,2016.342642320086,0.28678839957035446,0.3770139634801289,0.4747583243823845,79092.92801401,17544.59716349,0.0,20035.15233879,0.0,80844.59790208,17484.83502644,2847.84537432,211.20160511,2636.64375719,16.80394674,16.7801251,6490.68082533,182.86616514,26.02327194,16.78047957,87.66780463,2.24030161,0.22626658,1.13692918,0.0,7.01325559,1752.0,1503.0,86.0,98.7,1.3,0.0,0.0,67.0,0.5
169,PELHAM,0.008184776119402985,2016.0,0.11940298507462686,0.19402985074626866,0.2537313432835821,93930.70044333,0.00018257,0.0,2.31e-06,0.0,96519.94790858,0.00015215,535.91906953,134.97961639,400.93945314,26.55040736,26.54806899,1318.7926359,15.98535466,33.61914173,26.54806899,90.57367609,2.49927361,0.09997094,0.29991284,0.0,4.6986344,31.0,21.0,68.0,95.2,0.0,0.0,0.0,66.0,0.0
170,PEMBROKE,0.00681235727440148,2016.0,0.04788213627992634,0.09392265193370165,0.1878453038674033,103974.14097047,0.0,0.0,0.0,0.0,101161.98652693,0.0,2243.83296497,219.16181735,2024.67114762,23.55587821,23.55640509,6169.38197903,67.05081805,31.72730819,23.55640512,93.68108876,0.53781436,0.0,1.60497112,0.0,1.22131589,633.0,448.0,71.0,98.9,0.0,0.0,0.0,54.0,0.0
171,PEPPERELL,0.0005961538461538462,2016.0,0.0,0.019230769230769232,0.028846153846153848,109143.69196605,18534.9011142,0.0,11146.52396049,0.0,109344.75743837,9.707e-05,1396.87268174,184.0920422,1212.78063955,23.19250176,23.1907529,3751.13215614,62.37828208,25.59240278,23.19075264,91.13815741,0.65081416,0.0,2.55416674,0.0,2.30698077,385.0,265.0,69.0,99.6,0.0,0.0,0.0,50.0,0.0
172,PITTSFIELD,0.002131766169154228,2018.1691542288556,0.022388059701492536,0.029850746268656716,0.07835820895522388,67932.97849367,36197.71766902,0.0,1460.51200409,0.0,67247.18714744,3674.55305896,1744.32369219,198.18721336,1546.13647884,42.46927935,42.46432822,4181.40686525,168.10730611,16.37283322,42.46432823,87.6806341,2.58376722,0.34715456,2.23119334,0.05135943,4.35404336,1592.0,1181.0,74.0,95.4,3.8,0.8,0.0,83.0,2.9
173,PROVINCETOWN,0.0008138888888888888,2016.0,0.0,0.0,0.05555555555555555,50202.77050134,0.0,0.0,0.0,0.0,48959.10398866,79517.48418803,1740.99674385,368.99930987,1371.99743398,10.44306873,9.95977306,2838.95127593,181.99687644,8.06903552,9.75013076,88.64957799,1.58302818,0.0,1.18727113,0.0,3.46287414,30.0,13.0,43.0,92.3,0.0,0.0,0.0,72.0,0.0
174,QUINCY,0.04477707462686576,2016.069913589945,0.12882953652788687,0.18224666142969365,0.3150039277297722,81369.69749578,50234.29419582,0.0,87688.41360677,0.0,82546.3664078,11979.97508976,2329.85638453,245.33481232,2084.57189286,17.31433235,16.416005,5384.09117295,239.40880487,11.43211307,16.65452786,62.17984333,6.24984031,0.08638368,24.70502564,0.14508735,4.59076638,3476.0,2631.0,76.0,98.6,1.0,0.3,0.0,72.0,1.2
175,RAYNHAM,0.0036717948717948723,2018.0,0.03133903133903134,0.05982905982905983,0.1452991452991453,99135.42987115,2.632e-05,0.0,7.76e-06,0.0,96620.24882383,2e-08,2813.55244821,225.35724395,2588.19520427,20.76357662,20.76368525,7239.70561438,131.09332621,19.09387286,20.64479183,91.39036485,1.37192607,0.0,3.18652109,0.0,2.36844894,497.0,406.0,82.0,99.3,0.0,0.0,0.0,46.0,0.0
176,READING,0.012413653100541837,2017.2396146899457,0.152317880794702,0.19927754364840458,0.267308850090307,118658.97320959,0.00037614,0.0,10807.56616817,0.0,118424.30955229,0.00030984,2464.75798156,378.81730136,2085.9406802,9.99056705,9.99063617,6638.27571202,57.64249947,43.35433851,9.99063615,91.19550089,0.40843038,0.01886713,4.85954635,0.0,2.30284784,1082.0,709.0,66.0,99.4,0.0,0.0,0.0,74.0,0.0
177,REVERE,0.006660039186691317,2016.8946395563771,0.07024029574861368,0.10720887245841035,0.1645101663585952,55078.6937208,64999.77841051,0.0,37576.66295336,0.0,49791.559969,62032.71242974,2212.7112308,196.90242591,2015.81849319,6.16314228,5.86818745,5316.10142473,277.77871284,6.58286034,5.68460635,54.14509275,5.00804572,0.05871083,4.44907683,0.0,27.07475309,2423.0,1994.0,82.0,98.7,1.1,0.2,0.0,73.0,1.1
178,ROCKLAND,0.0002656250000000001,2016.0,0.0,0.0,0.0,79099.97743623,13433.0894324,0.0,5.64e-05,0.0,85669.28076718,2.954e-05,2304.00592687,129.22509966,2174.78082721,10.12014877,10.12008834,5634.37828879,170.26280149,12.73541903,10.12008834,91.62829526,2.58672223,0.0,0.59069682,0.0,2.63839634,740.0,461.0,62.0,99.3,0.0,0.0,0.0,65.0,0.0
180,ROWLEY,0.00573167701863354,2018.0,0.07453416149068323,0.10559006211180125,0.16770186335403728,113215.46004415,0.0,0.0,9.5e-07,0.0,113292.88046862,9.4e-06,2153.84910226,285.97996437,1867.86913789,18.53882798,18.51172938,5642.31062522,107.94853594,18.95384839,18.36079958,94.59187768,0.99256954,0.0,1.19108345,0.0,0.99256955,200.0,148.0,74.0,100.0,0.0,0.0,0.0,52.0,0.0
182,RUTLAND,0.0033846368715083792,2018.0,0.036312849162011177,0.04748603351955307,0.08379888268156424,104031.20742329,0.00032225,0.0,8.7e-05,0.0,103706.26611922,0.00010872,2955.76241827,168.98641701,2786.77600126,36.26309743,36.26257046,7934.15099163,90.95587145,27.98131632,36.26257052,94.28296838,1e-08,0.0,1.09980133,0.0,3.99927756,313.0,198.0,63.0,99.5,0.0,0.0,0.0,47.0,0.0
183,SALEM,0.00916619081779054,2016.9878048780488,0.05954088952654232,0.07604017216642754,0.11908177905308465,68778.59119074,26169.45221039,0.0,29682.21883119,0.0,74787.1384452,14767.06135999,2136.11636907,166.66348036,1969.33283038,8.34378539,8.05214881,4899.9701367,289.89631504,7.62933127,8.30906898,71.36858646,3.43453087,0.34028013,2.26680381,0.0,17.28434164,1672.0,1120.0,67.0,97.6,2.1,0.0,0.0,81.0,1.3
184,SALISBURY,0.002161931818181819,2018.0,0.028409090909090908,0.03977272727272727,0.07386363636363637,83992.30994989,0.0,0.0,6.14e-06,0.0,84009.60455581,0.0,1929.92474581,276.17706485,1653.74768096,15.80071597,15.59979058,4098.59871502,105.06110704,15.24720033,15.48767519,91.70264473,1.11707212,0.0,1.11707212,0.14962381,3.23167346,243.0,126.0,52.0,100.0,0.0,0.0,0.0,55.0,0.0
185,SANDWICH,0.001985,2016.0,0.023809523809523808,0.031746031746031744,0.06349206349206349,72971.4096069,4e-08,0.0003805,55290.73104049,0.0,73339.745021,27085.32884276,1462.07379345,240.30599524,1221.76779821,43.92099834,43.85065441,3849.77902055,51.62103578,21.8926628,43.68986906,75.14311975,0.99810315,1e-08,1.25720792,0.0,3.77780372,555.0,371.0,67.0,99.5,0.0,0.0,0.0,42.0,0.0
186,SAUGUS,0.0221340332247557,2016.0781758957655,0.0781758957654723,0.14006514657980457,0.23127035830618892,87570.5801821,0.00019573,0.0,100681.42866895,0.0,86039.85517849,0.00021269,2223.74337294,260.19779857,1963.62111903,11.34077739,11.33449326,5488.52978745,133.83613334,44.13608975,11.26411353,83.69495215,2.82054133,0.25366213,5.18566334,0.0,6.51489313,834.0,673.0,81.0,99.0,0.9,0.0,0.0,73.0,0.0
187,SCITUATE,0.007298095238095232,2016.0904761904762,0.10476190476190476,0.1761904761904762,0.2714285714285714,114991.6460795,0.0,0.0,1.4e-07,0.0,117690.85245655,0.0,2255.89164634,349.13032964,1906.76131671,17.32269887,17.00244467,5726.57666072,70.89748404,39.4130094,17.02834972,91.13387863,0.64183175,0.0,0.33520979,0.22366,0.91211209,555.0,527.0,95.0,99.2,0.0,0.0,0.0,73.0,0.0
188,SEEKONK,0.0011320000000000002,2018.0,0.0,0.04,0.04,88935.93862597,0.00039676,0.0,0.0022248,0.0,89376.8678703,38452.55247089,2997.96207861,372.89931713,2625.06276148,18.64523884,18.64433824,6814.49626977,126.77673063,18.15829901,18.58506704,95.04753163,0.34734245,2e-08,1.05715014,0.34734194,1.55695327,333.0,286.0,86.0,97.9,0.0,0.0,0.0,65.0,0.0
189,SHARON,0.0029073476702508967,2016.0,0.025089605734767026,0.05197132616487455,0.13440860215053763,145243.64584376,0.00045795,0.0,170088.88013283,0.0,141097.60450293,162927.91854931,2168.56709102,440.56708394,1728.42189665,24.38320263,24.38348273,6099.42341381,67.78026233,33.91387881,24.3831127,72.05016362,2.7985667,0.02457261,17.5691866,0.0,5.1784733,618.0,435.0,70.0,100.0,0.0,0.0,0.0,62.0,0.0
190,SHEFFIELD,0.0008910778443113771,2018.0,0.0,0.023952095808383235,0.041916167664670656,76229.19529491,0.0,0.0,0.0,0.0,76029.24986625,2.067e-05,1383.88626396,309.97452444,1073.91173951,48.54261695,48.54266241,3240.2728724,135.96948801,9.22606587,48.54266232,98.67306983,0.0,0.09997272,0.0,0.0,0.89975444,58.0,57.0,98.0,96.5,0.0,0.0,0.0,67.0,0.0
192,SHIRLEY,0.00942236220472441,2016.0,0.11811023622047244,0.23622047244094488,0.44881889763779526,70527.7271037,1.328e-05,0.0,249950.41637216,0.0,70582.71597498,1.702e-05,2440.81258179,260.97996061,2179.83262118,15.89580533,15.89568912,5363.33310811,208.22277979,8.54626832,15.89568913,72.58531065,6.79862413,0.0,5.29892763,0.0,11.19773386,238.0,145.0,61.0,97.9,0.0,0.0,0.0,53.0,0.0
193,SHUTESBURY,0.00288425,2018.0,0.05,0.05,0.1,20510.99979013,25627.65739886,0.0,1.6e-07,0.0,20403.06815191,20875.92335032,497.98412658,133.99572884,363.98839774,27.1103313,27.11206201,1138.93243819,31.99810186,3.46791129,27.11206203,22.95728411,0.14955886,0.07477943,0.24926476,0.0,0.67301484,39.0,19.0,49.0,100.0,0.0,0.0,0.0,48.0,0.0
194,SOMERSET,0.003862637362637364,2016.0,0.054945054945054944,0.07692307692307693,0.13186813186813187,77058.82693216,0.0,0.0,0.0,0.0,76145.72669354,26179.41418859,2390.95766089,178.10011213,2212.55315037,8.16994651,8.16980608,4277.00441745,122.54585484,12.23802071,8.13654632,95.93915877,0.46486346,0.0,0.25373356,0.0,0.94358268,503.0,288.0,57.0,99.0,0.0,0.0,0.0,79.0,0.0
195,SOMERVILLE,0.0008681875,2018.3333333333333,0.0,0.0,0.041666666666666664,92575.54514099,33303.33365522,0.0,47366.00751319,0.0,96105.72385817,44957.17702317,1915.82173275,266.65131285,1649.20771076,4.13101889,4.12968401,4294.41075179,267.33208849,6.80952241,4.11917427,69.21833257,6.52825126,0.07075526,9.56376096,0.01184846,10.87743257,2226.0,1751.0,79.0,98.2,1.4,0.3,0.1,87.0,1.5
201,SOUTH HADLEY,0.0024587807073954966,2018.1672025723474,0.04823151125401929,0.06430868167202572,0.15434083601286175,79729.34652693,8.362e-05,0.0,119582.94540885,0.0,79784.94763907,8759.38621536,1917.37993571,181.79199666,1735.58793906,18.43472654,18.43488062,4384.94807255,158.8163431,14.26420025,17.85067033,87.56389552,1.70049951,0.06271447,2.90406653,0.0,5.31070744,424.0,320.0,75.0,99.4,0.0,0.0,0.0,70.0,0.0
204,SOUTHAMPTON,0.0023797857142857154,2016.0,0.007142857142857143,0.05714285714285714,0.15714285714285714,93813.32266426,1.23e-06,0.0,3.952e-05,0.0,92772.77384867,6.807e-05,2395.78221299,374.96591397,2020.81629902,28.94874368,28.94973196,5793.82577753,194.85943506,10.9669283,28.94973196,96.65808921,0.0,0.0,1.99913318,0.0,0.19991333,161.0,119.0,74.0,100.0,0.0,0.0,0.0,54.0,0.0
205,SOUTHBOROUGH,0.011446884942716869,2016.0981996726678,0.1407528641571195,0.1734860883797054,0.23240589198036007,142529.65394803,0.00069889,0.0,186299.76588149,0.0,138509.50383414,132682.42222721,1746.38805576,279.96748471,1466.42057106,15.5244274,15.52466471,4863.60066048,34.48569613,903.48998627,15.52466474,80.88867788,1.54562247,0.0,12.86466667,0.0,2.92175095,296.0,254.0,86.0,99.2,0.0,0.0,0.0,48.0,0.0
206,SOUTHWICK,0.0015514195583596212,2016.0,0.015772870662460567,0.01892744479495268,0.05993690851735016,79871.77067832,6.27e-06,0.0,0.0,0.0,78641.67516687,0.0,1816.83080676,249.23979345,1567.59101331,31.65100428,31.64528333,4562.5832793,78.29535286,21.3455819,31.64216963,95.89745186,0.04163968,0.0,1.52487046,0.0,1.74130646,256.0,177.0,69.0,99.4,0.0,0.0,0.0,48.0,0.0
207,SPENCER,0.002391329479768785,2018.0,0.028901734104046242,0.05202312138728324,0.09248554913294797,87060.32427516,7.4e-07,0.0,0.0,0.0,87047.67991913,5.524e-05,2399.66104354,186.69088717,2212.97015637,34.00856962,34.00905402,6187.64077083,178.37070629,11.87418547,34.00905403,95.76070472,0.30852601,0.0,0.74058165,0.0,3.10162718,358.0,228.0,64.0,99.1,0.0,0.0,0.0,69.0,0.0
208,SPRINGFIELD,0.0030566469428007868,2016.0493096646942,0.027895181741335588,0.044801352493660185,0.11439842209072978,44065.61843848,44945.94437036,1077.80361734,8715.72979551,0.0,46293.18087531,37717.72965738,1631.35586049,93.80404874,1537.60853609,33.07945706,33.07803509,4195.41970378,343.67196246,7.39345611,32.55145393,39.40258619,17.42107858,0.16620677,2.05161286,0.03179499,38.1850504,6521.0,4974.0,76.0,96.0,3.6,0.4,0.0,84.0,3.3
209,STERLING,0.009582258064516132,2018.0,0.15591397849462366,0.1935483870967742,0.34408602150537637,107336.7342798,0.0,0.0,2.333e-05,0.0,105781.8974708,0.0001596,2754.82538442,284.98193632,2469.8434481,31.68186271,31.67922854,7730.21313086,116.97296022,22.93955771,31.67922843,92.99024004,0.49994753,0.39995802,0.19997901,0.0,4.59951726,226.0,135.0,60.0,99.3,0.0,0.0,0.0,51.0,0.0
210,STONEHAM,0.0014433672514619887,2016.970760233918,0.003898635477582846,0.017543859649122806,0.08382066276803118,96528.2558837,0.00994059,0.0,92811.41084563,0.0,96187.16289365,26855.97494097,2034.06890407,136.02670112,1898.04220295,6.64657183,6.64655671,4701.73326201,74.99894413,49.2903372,6.64655675,89.57717374,2.47912302,0.0,3.4234467,3e-08,3.18642959,684.0,607.0,89.0,98.8,1.2,0.0,0.0,73.0,0.0
211,STOUGHTON,0.006653374233128835,2018.0,0.10429447852760736,0.15337423312883436,0.3312883435582822,94546.01626266,101094.74819621,0.0,74618.95971933,0.0,92927.65785798,23060.58652162,1637.09607185,154.92821208,1482.16742847,16.46639755,16.46680636,4294.40959459,98.54686711,18.48792608,16.46680637,73.21581098,14.09529343,0.32497592,4.78938984,0.0,3.88984495,955.0,790.0,83.0,98.0,1.6,0.0,0.0,69.0,1.4
212,STOW,0.0012486631016042785,2018.0,0.0213903743315508,0.026737967914438502,0.0748663101604278,133852.06831591,0.0,0.0,127921.81459416,0.0,133849.31732888,2e-08,2361.47761317,439.28068998,1922.19692319,17.99654671,17.9961921,6046.83034688,57.71972664,32.967556,17.99619204,82.62190337,0.0,0.0,3.57630883,0.0,2.56760632,255.0,172.0,67.0,99.4,0.0,0.0,0.0,53.0,0.0
213,SUDBURY,0.0024273576642335785,2017.6321167883211,0.021897810218978103,0.040875912408759124,0.11532846715328467,173975.27966959,0.00134394,0.0,202370.23904026,0.0,172452.74576462,76178.63298621,2235.47763014,355.72449086,1880.23911082,24.74758699,24.74838428,6232.42542771,39.82504838,64.83623929,24.69222583,82.43532333,0.87457775,0.02370381,10.78487529,0.0,2.2633673500000002,594.0,459.0,77.0,99.3,0.0,0.0,0.0,58.0,0.0
214,SUNDERLAND,0.003691124999999999,2016.0,0.0,0.075,0.2875,25531.85994223,33519.21182977,0.0,25639.31310531,0.0,25592.79123862,3.7e-07,919.98885823,151.99815919,768.99068693,14.73692061,14.73705196,2162.69269918,108.9845142,2.98037157,14.28407855,32.03010035,0.65871672,0.12350938,4.03463989,0.53520733,2.30550851,91.0,59.0,65.0,100.0,0.0,0.0,0.0,58.0,0.0
215,SWAMPSCOTT,0.0032489444444444445,2018.111111111111,0.05555555555555555,0.05555555555555555,0.1111111111111111,117468.06149865,0.00131071,0.0,34175.5342088,0.0,116440.89224502,42252.90225569,2049.73616416,356.53973726,1693.1964269,3.10088782,3.03448663,5095.72100656,125.39776514,22.8928559,3.03213617,92.42334427,1.00699293,0.0,0.75281809,0.0,3.02131419,450.0,462.0,99.0,97.6,1.9,0.0,0.0,86.0,1.7
216,TAUNTON,0.0030598247078464096,2016.7988313856426,0.0333889816360601,0.06176961602671119,0.1310517529215359,77472.06011083,74772.13363603,0.0,14245.41255621,0.0,78323.59497367,9260.14938491,2323.08916084,204.58496732,2118.43524091,48.24939914,48.24934632,6174.62930816,176.83774387,21.3047124,47.92960397,83.04019009,7.11077984,0.01946417,1.8759536,0.0,4.68747712,2235.0,1627.0,73.0,98.3,1.5,0.2,0.0,65.0,1.4
217,TEWKSBURY,0.005512656467315715,2016.2058414464534,0.05285118219749652,0.07093184979137691,0.12795549374130738,101265.22022339,1.32e-06,0.0,82533.87803803,0.0,101953.75840267,47417.7297006,2347.83418038,185.33440669,2162.7902207,21.14783375,21.14807919,5680.32847356,51.26631711,47.24535491,21.07868686,90.06013588,1.90579714,0.07270028,3.73485295,0.0,1.7282007,1001.0,704.0,70.0,99.6,0.0,0.0,0.0,50.0,0.0
218,TOPSFIELD,0.0017465346534653466,2018.0,0.009900990099009901,0.01485148514851485,0.08415841584158416,136782.86873184,0.0,0.0,223785.33919469,0.0,136501.92857099,0.0,2144.82564658,312.97455822,1831.85108836,12.8005778,12.80051676,5977.34851059,120.72403485,16.19796685,12.10077069,95.67962263,0.09997871,0.0,2.39948897,0.0,1.49968061,139.0,154.0,99.0,99.4,0.0,0.0,0.0,72.0,0.0
219,TOWNSEND,0.0011594036697247716,2016.6788990825687,0.009174311926605505,0.01834862385321101,0.022935779816513763,88288.5807417,0.0,0.0,0.00013796,0.0,87542.0347186,0.00121793,1709.78971876,205.20127134,1504.58844742,32.97524616,32.97808233,4442.30082528,118.08356251,13.13401386,32.97808258,92.65727274,0.14406361,0.0,1.32627243,0.0,3.29625091,284.0,199.0,70.0,99.0,0.0,0.0,0.0,60.0,0.0
220,TRURO,0.00045,2016.0,0.0,0.0,0.0,65253.85932918,0.0,0.0,0.0,0.0,64369.46344345,3.9e-07,638.97921309,260.99150957,377.98770352,22.00440593,21.63875327,1646.70733161,22.99591295,32.38879357,21.57007004,96.31639536,2.19354109,0.0,0.0,0.0,0.89735772,26.0,9.0,35.0,100.0,0.0,0.0,0.0,55.0,0.0
221,TYNGSBOROUGH,0.005939900249376556,2016.416458852868,0.04239401496259352,0.057356608478802994,0.1172069825436409,112258.72631104,8.23e-06,0.0,62415.83937778,0.0,113111.80372033,0.00025424,2227.3493149,228.85933301,1998.48998189,18.06989369,18.07119907,5669.76908009,118.63279827,19.0806178,17.55348375,83.78583893,1.3694262,0.13822215,7.53988337,0.0,3.77497131,363.0,272.0,75.0,98.5,0.0,0.0,0.0,33.0,0.0
222,UXBRIDGE,0.002100418410041842,2016.0,0.012552301255230125,0.02510460251046025,0.06276150627615062,105778.18428108,1.469e-05,0.0,4.705e-05,0.0,110737.67332341,0.00067841,2575.37268606,259.78261835,2315.59006771,30.26533786,30.26629806,7449.40189658,147.67080106,16.97535623,30.07129314,92.88284173,0.61616104,0.0,2.9850007,0.0,2.01095834,506.0,221.0,44.0,99.5,0.0,0.0,0.0,50.0,0.0
225,WAKEFIELD,0.01985319796954314,2016.9568527918782,0.13578680203045684,0.1700507614213198,0.23604060913705585,96039.91600312,7715.90000947,0.0,28044.94459772,0.0,96530.30681196,62488.41232079,2179.62696432,230.98500258,1948.64176742,7.99591602,7.99590233,4959.06254757,92.51408359,50.13188081,7.99590229,90.59989452,1.24838178,0.0,2.19501714,0.0,4.32732632,946.0,784.0,83.0,98.7,1.3,0.0,0.0,77.0,0.0
226,WALTHAM,0.006443904239631344,2017.0663594470045,0.07557603686635944,0.0912442396313364,0.12626728110599078,97135.63782372,110615.18403198,0.0,85634.34184208,0.0,104326.45586921,44376.4549302,1822.3011,242.01079854,1580.29030147,13.76210185,13.76176261,4273.78326241,171.50255794,19.28884917,13.53270648,68.98142721,7.11037722,0.10942407,11.69538552,0.0,10.043833,2274.0,1576.0,69.0,98.7,1.3,0.1,0.0,74.0,1.1
227,WARE,0.019122336448598128,2016.0,0.29439252336448596,0.38317757009345793,0.5700934579439252,63278.04149431,5.85e-05,0.0,0.0,0.0,61991.89060408,3888.33520045,2650.49461564,174.07600413,2476.41861151,39.97967331,39.97984993,6188.98584528,262.80795624,9.26829846,39.97984988,91.92492336,0.83492028,0.0,0.592775,0.0,3.65180227,366.0,192.0,52.0,96.9,0.0,0.0,0.0,65.0,0.0
228,WAREHAM,0.008832832618025727,2016.343347639485,0.1072961373390558,0.1759656652360515,0.3562231759656652,66983.16030483,50220.42915409,0.0,0.00392279,0.0,67363.5250855,2.2e-07,2408.88453088,253.1866669,2155.62539148,37.14439856,37.07013754,5639.88217218,223.38314833,11.28822049,36.82291638,78.90608164,1.94028261,0.0,0.95954298,0.0,5.37863627,789.0,438.0,56.0,97.3,2.3,0.0,0.0,70.0,1.8
229,WARREN,0.01613756756756757,2016.0,0.06756756756756757,0.10810810810810811,0.17567567567567569,69843.48573868,0.0,0.0,0.0,0.0,78209.58563767,6.9e-07,1990.90107509,165.99175212,1824.90932297,27.63556212,27.63653342,5086.40581734,271.80790187,6.76656196,27.63653344,95.88968349,0.0,0.0,2.79969879,0.0,1.29986015,189.0,77.0,41.0,93.5,0.0,0.0,0.0,64.0,0.0
230,WARWICK,0.00090875,2016.0,0.0,0.0,0.03125,25454.55221072,0.0,0.0,0.0,0.0,26368.82094338,42638.9441059,647.931512,94.98995932,552.94155268,37.64567298,37.64541225,1507.64514062,60.98564561,4.3992937,37.64541225,41.65151634,0.62836339,0.2244155,0.2692986,0.0,1.03231128,17.0,10.0,59.0,100.0,0.0,0.0,0.0,67.0,0.0
231,WATERTOWN,0.0037925361185983846,2016.466307277628,0.07277628032345014,0.0889487870619946,0.16981132075471697,96080.74804844,50299.8911511,0.0,96620.32359009,0.0,97196.12187152,66167.60110481,2730.69888636,399.15559173,2331.64621439,4.12438604,4.12432155,5345.37425896,192.35421157,13.68054264,4.00102003,77.98351008,1.75057601,0.04314417,8.43711842,0.0,9.5405902,1155.0,859.0,74.0,99.0,0.9,0.0,0.0,79.0,0.9
232,WAYLAND,0.003506648199445973,2018.0941828254847,0.030470914127423823,0.06786703601108034,0.15650969529085873,185745.20992332,2.6e-07,0.0,240263.08098539,0.0,173201.35883323,120552.67247639,1665.63258675,319.10674885,1346.5258379,15.85556187,15.85534834,4333.53803913,60.46043569,62.7324826,15.62432515,80.83917587,0.77153402,0.0,11.17936858,0.48220876,4.28796527,405.0,359.0,89.0,99.2,0.0,0.0,0.0,78.0,0.0
233,WEBSTER,0.010197037037037032,2016.0,0.07037037037037037,0.08518518518518518,0.12962962962962962,71897.72663413,8807.37476669,0.0,1.46e-06,0.0,72723.80158813,6643.46228927,2315.9157545,199.79503142,2116.12072308,14.59719244,14.59741395,5726.72538551,223.03790482,10.09833392,14.59741411,89.21189752,3.71762516,0.0,0.62404127,0.0,5.8665097,659.0,450.0,68.0,97.1,1.8,0.0,0.0,74.0,2.7
234,WENHAM,0.004258181818181818,2016.0,0.03636363636363636,0.05454545454545454,0.16363636363636364,109665.35988281,0.0,0.0,1.73e-06,0.0,109568.4011634,0.0,1396.64181522,272.93000398,1123.71181124,8.14145343,8.14132746,3563.16074669,77.91601564,15.73341762,8.08048654,88.16250546,1.89919225,0.0,3.59846955,0.0,5.19778933,93.0,107.0,99.0,100.0,0.0,0.0,0.0,69.0,0.0
236,WEST BRIDGEWATER,0.000744186046511628,2018.0,0.0,0.046511627906976744,0.046511627906976744,94969.32291084,0.00012301,0.0,0.00020404,0.0,95664.70804775,0.0,1187.24081616,142.32047803,1044.92033814,15.67439105,15.6748419,3157.48047274,41.39426487,31.23221139,15.67484196,92.38611939,1.19983137,0.0,0.13301829,0.0,4.63371896,201.0,232.0,99.0,99.1,0.0,0.0,0.0,69.0,0.0
237,WEST BROOKFIELD,0.0060511111111111095,2016.0,0.050505050505050504,0.15151515151515152,0.31313131313131315,72918.03862856,0.0,0.0,0.0,0.0,71931.21404572,1.545e-05,1535.85090453,158.98456629,1376.86633824,21.1087643,21.10873342,3536.11831058,88.92751419,15.06906791,21.10873347,95.68299211,0.19996446,0.0,1.29976896,0.0,1.39975119,94.0,59.0,63.0,98.3,0.0,0.0,0.0,60.0,0.0
240,WEST NEWBURY,0.007838732394366197,2016.0,0.11267605633802817,0.1267605633802817,0.2605633802816901,138394.40830205,0.0,0.0,133116.7358877,0.0,145883.94334005,0.0,1588.9365949,280.98878739,1307.9478075,14.7245396,14.72464972,4255.25428163,90.91990013,15.05012445,13.89866544,96.59400334,0.0,0.0,0.89994413,0.0,1.39991309,98.0,101.0,99.0,100.0,0.0,0.0,0.0,52.0,0.0
243,WEST SPRINGFIELD,0.004838653061224483,2016.0,0.0836734693877551,0.11428571428571428,0.19795918367346937,69224.35657811,0.0,0.0,33091.52452756,0.0,69490.07993935,18080.45476086,2187.13901612,199.63134612,1987.50767,17.53668725,17.53632883,5176.63607271,180.72505276,15.5363998,16.80540266,81.96713056,2.84723611,0.12331784,3.58893399,0.0,8.45878183,1121.0,801.0,71.0,97.3,2.1,0.0,0.0,81.0,1.7
246,WESTBOROUGH,0.013808369175627246,2016.2544802867383,0.043010752688172046,0.06272401433691756,0.13978494623655913,116925.00244916,68724.92496699,0.0,151687.67086724,0.0,116354.72934936,32647.1733584,1770.95229454,224.16966812,1546.78262642,21.45982219,21.45938986,4812.94107964,72.09557112,449.28506612,21.45938985,63.12505199,3.2690881,0.53739934,25.48414188,0.0,5.77914582,714.0,622.0,87.0,97.7,1.9,0.0,0.0,55.0,1.9
247,WESTFORD,0.004974539877300605,2017.9006134969325,0.0343558282208589,0.049079754601226995,0.09938650306748466,143438.10901217,1.71e-06,0.0,181781.33584164,0.0,136063.13374747,24871.81135342,2105.75265635,280.71193649,1825.04071987,31.36257456,31.36146725,5577.75453013,37.13515089,762.29567948,31.34011799,76.48771956,0.79740981,0.0,19.23341526,0.0,1.91669218,669.0,522.0,78.0,98.3,1.1,0.0,0.0,42.0,1.3
248,WESTHAMPTON,0.0018623214285714287,2016.0,0.03571428571428571,0.044642857142857144,0.0625,89526.61144939,0.0,0.0,1e-08,0.0,89924.52971147,6.41e-06,683.94768318,137.98944485,545.95823833,27.36065556,27.3616687,1582.3714415,38.98450464,15.01683239,27.36166868,96.9800805,0.0,0.19995893,0.59987679,0.0,1.19975357,44.0,19.0,43.0,100.0,0.0,0.0,0.0,50.0,0.0
249,WESTON,0.0008675700000000001,2018.0,0.0,0.0,0.05,174363.77314981,3.802e-05,0.0,215856.97514288,0.0,166875.56009112,0.00012734,2095.32634888,375.05863223,1720.26771666,17.33166868,17.33233286,5858.04446195,52.61204204,37.15898097,17.25856037,77.62319912,2.06646887,0.0,10.99829268,0.0,4.60072252,306.0,219.0,72.0,99.1,0.0,0.0,0.0,70.0,0.0
250,WESTPORT,0.034159722222222216,2016.0,0.3125,0.4444444444444444,0.5625,87245.18211611,0.0,0.0,0.0004922,0.0,85636.83403075,0.00019763,2045.92010681,179.17291106,1867.74711795,52.11020852,51.44007344,4915.22374198,118.31892737,15.54692462,51.75591551,96.71452844,0.23652386,0.0,0.67787559,0.0,0.60385311,386.0,299.0,77.0,98.3,0.0,0.0,0.0,59.0,0.0
251,WHATELY,0.002294545454545454,2016.0,0.01818181818181818,0.01818181818181818,0.03636363636363636,36480.48868826,47892.99449655,0.0,36634.02014643,0.0,36567.54867808,0.0,1314.96520129,215.99428401,1097.97094374,20.66676973,20.66687415,3022.68605925,152.78188325,4.16534112,20.42735472,45.76531895,0.94118908,0.17647295,5.76478311,0.76471613,3.29416177,42.0,9.0,21.0,88.9,0.0,0.0,0.0,62.0,0.0
253,WHITMAN,0.0,2018.0,0.0,0.0,0.0,86595.90924689,8762.94728183,0.0,8.31e-05,0.0,88191.83883802,0.0,1425.38531039,105.02936526,1320.35594513,6.95889054,6.95876479,3875.62948119,105.12229961,17.6020405,6.9587648,95.62025396,1.13764486,0.0,0.62723825,0.0,0.98990229,631.0,401.0,64.0,99.0,0.0,0.0,0.0,79.0,0.0
254,WILBRAHAM,0.012535240054869673,2017.4471879286693,0.11934156378600823,0.15637860082304528,0.2345679012345679,109444.97129702,55248.99775226,0.0,0.0,0.0,112544.02961082,49313.48359763,2631.76700641,274.15013391,2357.61687249,22.33437238,22.33500266,6917.34364191,159.3829927,20.92987783,22.3350027,89.03190504,2.73415786,0.0,1.41556561,0.0,4.94370614,388.0,319.0,82.0,99.7,0.0,0.0,0.0,73.0,0.0
255,WILLIAMSTOWN,6.301369863013698e-05,2018.0,0.0,0.0,0.0,84510.30592144,0.0,0.0,53124.17264424,0.0,89482.32254468,0.0,1033.14937757,216.80647323,816.34290434,46.85389093,46.8507109,2724.12034648,93.2243118,12.42397551,46.85071078,77.95710531,4.89674868,1.01570752,6.44416516,0.0,7.15765649,124.0,109.0,88.0,100.0,0.0,0.0,0.0,80.0,0.0
256,WILMINGTON,0.021069804560260606,2016.3018458197612,0.2269272529858849,0.2779587404994571,0.3691639522258415,117490.00824959,41543.24220772,0.0,120016.40480837,0.0,114581.25097876,33433.97141602,2068.40000721,239.10226461,1829.2977426,17.14313345,17.14325709,5633.83947406,52.47116831,37.92271873,17.14325709,88.61931813,3.49357284,0.0,5.06966817,0.0,1.52952308,931.0,585.0,63.0,99.7,0.0,0.0,0.0,55.0,0.0
257,WINCHENDON,0.016945098039215685,2016.0,0.11764705882352941,0.1503267973856209,0.26143790849673204,55132.44701467,1.368e-05,0.0,5.07e-06,0.0,54876.64992592,59925.37820234,2237.43620306,184.28987028,2053.44985982,44.11128994,44.10954639,5935.25516772,207.50287144,7.8885415,43.940704,71.21934098,0.73923016,0.0,1.12763834,0.0,2.47717944,338.0,241.0,71.0,95.4,2.9,0.0,0.0,55.0,4.1
258,WINCHESTER,0.0013772750642673521,2016.0,0.02570694087403599,0.043701799485861184,0.07455012853470437,176594.2261351,1.667e-05,0.0,144549.7716064,0.0,181705.85777772,99253.21140983,1775.15204935,309.31130619,1465.84074316,6.34746767,6.34747096,4882.74119612,69.35181049,25.68577164,6.34747096,82.33421699,0.23764283,0.0,12.39083871,0.0,1.92980264,818.0,584.0,71.0,99.7,0.0,0.0,0.0,79.0,0.0
259,WINTHROP,0.0019634671755725188,2016.1526717557251,0.04071246819338423,0.061068702290076333,0.09923664122137404,60921.94228578,0.0,0.0,0.0,0.0,62214.48097275,44600.98721881,1420.76604449,118.11842309,1302.42998151,2.2772061,2.0951084,2903.61073653,139.32380752,12.96314206,1.99985817,73.86604628,1.09895512,0.0,0.64352914,0.0,8.28758161,591.0,464.0,79.0,97.2,2.4,0.0,0.0,90.0,1.9
260,WOBURN,0.005124558040468594,2017.0708200212991,0.04206602768903089,0.058572949946751864,0.09318423855165069,89436.9068202,31067.86624274,0.0,105821.54478326,0.0,89046.00009911,44395.2793416,2579.12682104,317.1812364,2261.94558464,12.94361692,12.94350996,6065.00316798,147.90274281,19.68526435,12.94350998,76.41462309,6.59937797,0.0,8.62309433,0.0,4.73585033,1602.0,1170.0,73.0,97.9,1.5,0.5,0.0,69.0,1.1
261,WORCESTER,0.005520625238276784,2016.0,0.04498665650019062,0.06176134197483797,0.09912314144109798,58634.29047703,39161.39005462,0.0,64656.5665526,0.0,59135.30810539,34012.11367819,1909.05725122,165.96753299,1743.16414075,38.44403543,38.44382088,4670.30817017,253.88608455,11.54965834,38.44382082,62.55502395,11.51327085,0.11603139,8.17214835,0.0208869,15.09745073,7440.0,5541.0,74.0,98.1,1.4,0.5,0.1,79.0,1.5
262,WORTHINGTON,0.002955806451612904,2016.0,0.0,0.03225806451612903,0.06451612903225806,20592.38888628,6.8e-07,0.0,0.0,0.0,20804.25457188,0.0,466.97732532,110.99461052,356.98266625,32.10494957,32.10082955,977.39699574,31.9802698,4.18699824,32.10082955,30.61698107,0.25487601,0.0,0.22301651,0.0,0.47789252,13.0,15.0,99.0,100.0,0.0,0.0,0.0,65.0,0.0
263,WRENTHAM,0.003490310077519377,2017.0,0.03875968992248062,0.06589147286821706,0.18604651162790697,123713.32461346,1.82e-06,0.0,0.00207016,0.0,124418.63991805,84414.59166444,1340.74564022,156.53004814,1184.21559208,22.6033336,22.60561154,3496.15272099,42.35982207,63.77832807,22.60561156,93.86998769,2.19161067,0.03084636,0.9482956,0.0,2.77090236,361.0,298.0,83.0,99.0,0.0,0.0,0.0,49.0,0.0
